,브랜드,매장,매장주소,구,도로명,위도,경도
0,EDIYA,강남YMCA점,서울 강남구 논현동,강남구,논현동,37.5135304,127.0315341
1,EDIYA,강남구청역아이티웨딩점,"서울 강남구 학동로 338 (논현동, 강남파라곤)",강남구,학동로,37.5164665,127.0404191
2,EDIYA,강남논현학동점,서울 강남구 논현로131길 28 (논현동),강남구,논현로131길,37.5142272,127.0286662
3,EDIYA,강남대치점,"서울 강남구 역삼로 415 (대치동, 성진빌딩)",강남구,역삼로,37.5012506,127.0523816
4,EDIYA,강남도산점,서울 강남구 도산대로37길 20 (신사동),강남구,도산대로37길,37.5222413,127.0314815
5,EDIYA,강남세곡점,"서울 강남구 헌릉로569길 9 (세곡동, 강남지웰파인즈)",강남구,헌릉로569길,37.4669731,127.1005262
6,EDIYA,강남율현점,"서울 강남구 밤고개로21길 8 (율현동, 세곡프라자)",강남구,밤고개로21길,37.4696592,127.1130202
7,EDIYA,강남자곡점,"서울 강남구 자곡로 180 (자곡동, 강남유탑유블레스)",강남구,자곡로,37.4829593,127.110691
8,EDIYA,개포동역점,"서울 강남구 개포로82길 11 (개포동, 삼우빌딩)",강남구,개포로82길,37.4885214,127.0674325
9,EDIYA,건설회관점,서울 강남구 언주로 711 (논현동),강남구,언주로,37.5163003,127.0299123
10,EDIYA,대청역점,"서울 강남구 개포로109길 34 (개포동, 대청프라자)",강남구,개포로109길,37.4941735,127.0776294
11,EDIYA,대치역점,"서울 강남구 남부순환로 2937 (대치동, 까치빌딩)",강남구,남부순환로,37.4941007,127.061519
12,EDIYA,도곡2동점,"서울 강남구 논현로 142 (도곡동, 동현빌딩)",강남구,논현로,37.4824351,127.0429933
13,EDIYA,도산사거리점,서울 강남구 논현동 ,강남구,논현동,37.5135304,127.0315341
14,EDIYA,삼성대치점,"서울 강남구 삼성로64길 32 (대치동, 주성빌딩)",강남구,삼성로64길,37.5004466,127.0627992
15,EDIYA,삼성동점,서울 강남구 테헤란로88길 10 (대치동),강남구,테헤란로88길,37.5068062,127.0594495
16,EDIYA,삼성중앙역점,"서울 강남구 삼성로 608 (삼성동, 우창빌딩)",강남구,삼성로,37.50796,127.0565469
17,EDIYA,삼성한전점,서울 강남구 테헤란로107길 11 (삼성동),강남구,테헤란로107길,37.5103908,127.0650442
18,EDIYA,선릉사거리점,"서울 강남구 선릉로 519 (역삼동, 삼능빌딩)",강남구,선릉로,37.505905,127.047937
19,EDIYA,선릉역점,"서울 강남구 테헤란로 332 (역삼동, HJ타워)",강남구,테헤란로,37.5038188,127.0481497
20,EDIYA,선정릉역점,서울 강남구 봉은사로 326 (역삼동),강남구,봉은사로,37.5096114,127.042657
21,EDIYA,수서역점,"서울 강남구 광평로 280 (수서동, 로즈데일오피스텔)",강남구,광평로,37.4873425,127.1030015
22,EDIYA,신사역점,서울 강남구 압구정로2길 62 (신사동),강남구,압구정로2길,37.5177352,127.0214289
23,EDIYA,신사점,서울 강남구 도산대로 118 (논현동),강남구,도산대로,37.5165111,127.0218046
24,EDIYA,압구정로데오역점,서울 강남구 선릉로161길 20 (신사동),강남구,선릉로161길,37.5274922,127.0388195
25,EDIYA,압구정점,서울 강남구 신사동,강남구,신사동,37.524124,127.022883
26,EDIYA,역삼더블루점,"서울 강남구 논현로63길 16 (역삼동, 역삼종합시장 더블루)",강남구,논현로63길,37.492909,127.0390723
27,EDIYA,역삼상록점,"서울 강남구 테헤란로43길 18 (역삼동, SC빌딩)",강남구,테헤란로43길,37.5043993,127.0440514
28,EDIYA,역삼역점,서울 강남구 테헤란로25길 17 (역삼동),강남구,테헤란로25길,37.5017498,127.0352364
29,EDIYA,역삼월드점,"서울 강남구 역삼로52길 14 (역삼동, 도곡프라자)",강남구,역삼로52길,37.4985129,127.0479773
30,EDIYA,역삼점,서울 강남구 논현로72길 13 (역삼동),강남구,논현로72길,37.49579,127.0405163
31,EDIYA,역삼중앙점,서울 강남구 언주로81길 8 (역삼동),강남구,언주로81길,37.4997267,127.041232
32,EDIYA,역삼초교점,서울 강남구 강남대로 314 (역삼동),강남구,강남대로,37.49128839999999,127.0314731
33,EDIYA,역삼충현점,서울 강남구 논현로98길 7 (역삼동),강남구,논현로98길,37.5036583,127.0373687
34,EDIYA,역삼플래티넘점,"서울 강남구 테헤란로4길 46 (역삼동, 쌍용플래티넘밸류)",강남구,테헤란로4길,37.4953323,127.0303725
35,EDIYA,을지병원사거리점,서울 강남구 도산대로30길 7 (논현동),강남구,도산대로30길,37.5193645,127.0294202
36,EDIYA,이디야커피랩,"서울 강남구 논현로 636 (논현동, 이디야빌딩)",강남구,논현로,37.5104381,127.032971
37,EDIYA,일원동점,서울 강남구 양재대로27길 20 (일원동),강남구,양재대로27길,37.4899283,127.081772
38,EDIYA,청담사거리점,서울 강남구 도산대로 521 (청담동),강남구,도산대로,37.5248364,127.0503603
39,EDIYA,청담역점,"서울 강남구 삼성로 721 (청담동, 룩희 819)",강남구,삼성로,37.5200294,127.0491395
40,EDIYA,포이사거리점,서울 강남구 개포로 218 (개포동),강남구,개포로,37.4784579,127.0465991
41,EDIYA,학동역점,"서울 강남구 학동로 219 (논현동, 국제빌딩)",강남구,학동로,37.5097925,127.021578
42,EDIYA,학동제마점,서울 강남구 학동로34길 22 (논현동),강남구,학동로34길,37.51308,127.0336405
43,EDIYA,한티역점,서울 강남구 도곡로69길 8 (대치동),강남구,도곡로69길,37.49790960000001,127.0561038
44,EDIYA,4.19사거리점,서울 강북구 삼양로 501 (수유동),강북구,삼양로,37.6478542,127.0142169
45,EDIYA,가오리역점,서울 강북구 삼각산로 108 (수유동),강북구,삼각산로,37.6405639,127.0161466
46,EDIYA,강북경찰서점,서울 강북구 오패산로 403 (번동),강북구,오패산로,37.63684689999999,127.0269808
47,EDIYA,광산사거리점,"서울 강북구 노해로 91 (수유동, 진흥빌딩)",강북구,노해로,37.6439109,127.0219539
48,EDIYA,미아꿈의숲해링턴점,"서울 강북구 오현로 45 (미아동, 꿈의숲 해링턴 플레이스)",강북구,오현로,37.6185566,127.034085
49,EDIYA,미아삼거리역점,서울 강북구 도봉로10길 28 (미아동),강북구,도봉로10길,37.6138407,127.0310049
50,EDIYA,미아삼거리점,"서울 강북구 도봉로 45 (미아동, 숭인시장)",강북구,도봉로,37.6130238,127.0289642
51,EDIYA,미아송천점,서울 강북구 삼양로 118 (미아동),강북구,삼양로,37.6143905,127.0224052
52,EDIYA,미아역점,서울 강북구 도봉로 207 -3(미아동),강북구,도봉로,37.6319203,127.0280953
53,EDIYA,미아중앙점,서울 강북구 도봉로 128 (미아동),강북구,도봉로,37.62042840000001,127.0287354
54,EDIYA,번동점,"서울 강북구 오현로 194 (번동, 덕수빌딩)",강북구,오현로,37.6288338,127.0398506
55,EDIYA,북한산점,서울 강북구 4.19로 85 (수유동),강북구,4.19로,37.6316183,127.0229579
56,EDIYA,삼각산점,서울 강북구 솔샘로40길 3 (미아동),강북구,솔샘로40길,37.6198769,127.0160092
57,EDIYA,삼양사거리점,"서울 강북구 솔샘로 254 (미아동, 삼양아케이트)",강북구,솔샘로,37.6193347,127.0207972
58,EDIYA,삼양시장점,"서울 강북구 삼양로 234 (미아동, 대건빌딩)",강북구,삼양로,37.6284519,127.0214065
59,EDIYA,수유1동점,서울 강북구 삼양로 293 (수유동),강북구,삼양로,37.6295659,127.0176488
60,EDIYA,수유사거리점,"서울 강북구 덕릉로 82 (수유동, 제네스타워)",강북구,덕릉로,37.6394155,127.0080195
61,EDIYA,수유역점,서울 강북구 도봉로 355 (수유동),강북구,도봉로,37.6393061,127.0266927
62,EDIYA,우이역도선사점,서울 강북구 삼양로173길 21 (우이동),강북구,삼양로173길,37.6626046,127.0113765
63,EDIYA,한신대점,서울 강북구 덕릉로 31 (수유동),강북구,덕릉로,37.6342771,127.0169716
64,EDIYA,가양역점,서울 강서구 양천로 500 (등촌동),강서구,양천로,37.558653,126.8532512
65,EDIYA,강서nc점,서울 강서구 강서로54길 11 (등촌동),강서구,강서로54길,37.5592805,126.8393255
66,EDIYA,강서가양동점 ,"서울 강서구 강서로 511 (가양동, 한림타운)",강서구,강서로,37.5709705,126.8414444
67,EDIYA,강서교차로점,"서울 강서구 공항대로 437 (등촌동, 주신기업(주))",강서구,공항대로,37.555002,126.8559032
68,EDIYA,강서구청점,"서울 강서구 화곡로 292 (화곡동, 서광프리메라)",강서구,화곡로,37.5501456,126.8485937
69,EDIYA,강서한강자이점,서울 강서구 양천로 401 (가양동),강서구,양천로,37.563694,126.8336021
70,EDIYA,개화산점,"서울 강서구 양천로 28 (방화동, 벽산에어트리움)",강서구,양천로,37.5724755,126.8070694
71,EDIYA,곰달래사거리점,서울 강서구 곰달래로 52 (화곡동),강서구,곰달래로,37.5299176,126.8385803
72,EDIYA,공항시장역점,"서울 강서구 방화동로 37 (방화동, 메디스타워)",강서구,방화동로,37.5640044,126.8107915
73,EDIYA,까치산로점,서울 강서구 까치산로 182 (화곡동),강서구,까치산로,37.5533329,126.853912
74,EDIYA,까치산역점,서울 강서구 강서로17길 6 (화곡동),강서구,강서로17길,37.5333847,126.8451896
75,EDIYA,내발산점,"서울 강서구 강서로 304 (내발산동, 영종빌딩)",강서구,강서로,37.5527284,126.8365671
76,EDIYA,등촌3동점,서울 강서구 공항대로41길 34 (등촌동),강서구,공항대로41길,37.5592457,126.8457028
77,EDIYA,등촌역점,서울 강서구 등촌로 217 (등촌동),강서구,등촌로,37.549111,126.8632654
78,EDIYA,등촌중앙점,"서울 강서구 등촌로 67 (등촌동, 컴스웨이빌딩)",강서구,등촌로,37.5360455,126.8631085
79,EDIYA,렘넌트문화센터점,"서울 강서구 화곡로63길 65 (등촌동, 예원교회)",강서구,화곡로63길,37.5579326,126.8491762
80,EDIYA,마곡나루역점,"서울 강서구 마곡중앙5로 6 (마곡동, 마곡나루역보타닉푸르지오시티)",강서구,마곡중앙5로,37.5671562,126.8272843
81,EDIYA,마곡대방디엠씨티점,"서울 강서구 양천로 344 (마곡동, 마곡센트럴대방디엠시티오피스텔)",강서구,양천로,37.5700262,126.8234954
82,EDIYA,마곡수명산점,"서울 강서구 수명로 68-27 (내발산동, 웨스트엔드문화센터)",강서구,수명로,37.5526355,126.826665
83,EDIYA,마곡역점,"서울 강서구 공항대로 195 (마곡동, 힐스테이트에코동익)",강서구,공항대로,37.5764888,126.8307466
84,EDIYA,마곡퀸즈파크9점,"서울 강서구 공항대로 247 (마곡동, 퀸즈파크나인)",강서구,공항대로,37.5593797,126.8347339
85,EDIYA,마곡파인스퀘어점,"서울 강서구 마곡중앙4로 22 (마곡동, 파인스퀘어)",강서구,마곡중앙4로,37.5714215,126.8355464
86,EDIYA,마곡헤리움점,"서울 강서구 마곡중앙5로1길 25 (마곡동, 마곡헤리움2차)",강서구,마곡중앙5로1길,37.5602178,126.9217355
87,EDIYA,발산역점,서울 강서구 공항대로 280 (내발산동),강서구,공항대로,37.54828639999999,126.8194521
88,EDIYA,방화동로점,서울 강서구 방화동로 95 (방화동),강서구,방화동로,37.5690525,126.8126438
89,EDIYA,방화사거리점,"서울 강서구 양천로 72 (방화동, 해성빌딩)",강서구,양천로,37.5729862,126.8076185
90,EDIYA,방화역점,"서울 강서구 금낭화로 146 (방화동, 오피앙)",강서구,금낭화로,37.5781558,126.8132929
91,EDIYA,서울공진초교점,"서울 강서구 마곡중앙1로 26 (마곡동, 마곡엠리체)",강서구,마곡중앙1로,37.574814,126.8385818
92,EDIYA,송정역점,서울 강서구 공항대로 24 (공항동),강서구,공항대로,37.5619449,126.8126966
93,EDIYA,신방화역점,"서울 강서구 마곡중앙5로 81 (마곡동, 에스비타운)",강서구,마곡중앙5로,37.5759888,126.8315356
94,EDIYA,신방화중앙점,"서울 강서구 방화대로34길 92 (방화동, 불해빌딩)",강서구,방화대로34길,37.5708766,126.8213439
95,EDIYA,양천향교역점,서울 강서구 강서로 462 (등촌동),강서구,강서로,37.5665739,126.8413981
96,EDIYA,염창동점,서울 강서구 양천로 689 (염창동),강서구,양천로,37.5505196,126.8728804
97,EDIYA,염창블루나인점,서울 강서구 양천로 583 (염창동),강서구,양천로,37.556904,126.8642901
98,EDIYA,우장산동점,서울 강서구 우현로 15 (화곡동),강서구,우현로,37.547128,126.8436128
99,EDIYA,우장산역점,서울 강서구 강서로45길 5 (화곡동),강서구,강서로45길,37.5478163,126.8358119
100,EDIYA,화곡남부시장점,서울 강서구 등촌로5길 80 (화곡동),강서구,등촌로5길,37.5330576,126.8589924
101,EDIYA,화곡로점,서울 강서구 화곡로 133 (화곡동),강서구,화곡로,37.54079309999999,126.8364778
102,EDIYA,화곡본동시장점,서울 강서구 까치산로4길 11 (화곡동),강서구,까치산로4길,37.5421805,126.8442573
103,EDIYA,화곡사거리점,서울 강서구 곰달래로 135 (화곡동),강서구,곰달래로,37.5307235,126.8479086
104,EDIYA,화곡중앙시장점,서울 강서구 가로공원로76길 61 (화곡동),강서구,가로공원로76길,37.5343836,126.8382576
105,EDIYA,화곡중앙점 ,서울 강서구 까치산로 79 (화곡동),강서구,까치산로,37.5457288,126.8474016
106,EDIYA,관악구청점,"서울 관악구 관악로 164 (봉천동, 대우디오슈페리움1단지)",관악구,관악로,37.492156,127.0309387
107,EDIYA,관악우성점,서울 관악구 관악로 232 (봉천동),관악구,관악로,37.4849221,126.9559971
108,EDIYA,관악하나로마트점,"서울 관악구 남부순환로 1369 (신림동, 관악농협농산물백화점)",관악구,남부순환로,37.4800943,126.9028959
109,EDIYA,낙성대역점,서울 관악구 남부순환로 1915 (봉천동),관악구,남부순환로,37.477862,126.9621916
110,EDIYA,난곡사거리점,서울 관악구 남부순환로 1444 (신림동),관악구,남부순환로,37.4893951,126.9251765
111,EDIYA,난향동점,서울 관악구 난곡로 60 (신림동),관악구,난곡로,37.4607674,126.9193864
112,EDIYA,남현홈플러스점,"서울 관악구 과천대로 909 (남현동, 남현프라자)",관악구,과천대로,37.471482,126.9826404
113,EDIYA,녹두거리점,서울 관악구 신림로 91 (신림동),관악구,신림로,37.47029879999999,126.9390781
114,EDIYA,당곡사거리점,서울 관악구 봉천로 245 (봉천동),관악구,봉천로,37.4892526,126.9290254
115,EDIYA,보라매중앙점,"서울 관악구 보라매로 62 (봉천동, 보라매삼성아파트)",관악구,보라매로,37.4940971,126.9278545
116,EDIYA,봉일시장점,서울 관악구 은천로 23 (봉천동),관악구,은천로,37.4863629,126.9379113
117,EDIYA,봉천역점,서울 관악구 남부순환로 1725 (봉천동),관악구,남부순환로,37.4826457,126.9418783
118,EDIYA,봉천중앙점,서울 관악구 남부순환로 1874 (봉천동),관악구,남부순환로,37.4789698,126.9577375
119,EDIYA,사당중앙점,서울 관악구 과천대로 951 (남현동),관악구,과천대로,37.475496,126.9812655
120,EDIYA,서울대중앙점,서울 관악구 남부순환로216길 2 (봉천동),관악구,남부순환로216길,37.4813377,126.9489838
121,EDIYA,신대방역점,서울 관악구 난곡로 368 (신림동),관악구,난곡로,37.48680909999999,126.9137478
122,EDIYA,신림난곡점,서울 관악구 난곡로 197 (신림동),관악구,난곡로,37.47253,126.9189265
123,EDIYA,신림남부초교점,서울 관악구 남부순환로 1541-1 (신림동),관악구,남부순환로,37.48336219999999,126.921872
124,EDIYA,신림대학동점,서울 관악구 호암로26길 17 (신림동),관악구,호암로26길,37.4707098,126.9345955
125,EDIYA,신림문화교점,서울 관악구 신림로 262-1 (신림동),관악구,신림로,37.478521,126.9326948
126,EDIYA,신림미성점,서울 관악구 난곡로 250 (신림동),관악구,난곡로,37.4678335,126.93667
127,EDIYA,신림신원점,서울 관악구 신원로 16 (신림동),관악구,신원로,37.48078539999999,126.9281219
128,EDIYA,신림신화교점,서울 관악구 신림로 199 (신림동),관악구,신림로,37.4754898,126.9361817
129,EDIYA,신림역점,서울 관악구 신림로 312 (신림동),관악구,신림로,37.4821435,126.9301389
130,EDIYA,신림중앙점,서울 관악구 관천로 52 (신림동),관악구,관천로,37.4842993,126.9266142
131,EDIYA,신림패션문화점,서울 관악구 봉천로6길 24 (신림동),관악구,봉천로6길,37.4885801,126.9254188
132,EDIYA,인헌점,서울 관악구 인헌길 17 (봉천동),관악구,인헌길,37.4746876,126.9670201
133,EDIYA,청룡중앙점,"서울 관악구 쑥고개로 80 (봉천동, 제이빌딩)",관악구,쑥고개로,37.47917169999999,126.9452559
134,EDIYA,건대로데오점,서울 광진구 아차산로30길 8 (자양동),광진구,아차산로30길,37.5395762,127.0675281
135,EDIYA,건대스타시티2호점,"서울 광진구 능동로 92 (자양동, 스타시티몰) 지하 2층 201호",광진구,능동로,37.538557,127.0729616
136,EDIYA,건대스타시티점,"서울 광진구 아차산로 272 (자양동, 더샵스타시티)",광진구,아차산로,37.5376127,127.0726183
137,EDIYA,건대역점,"서울 광진구 아차산로 229 (화양동, 한림타워)",광진구,아차산로,37.5407319,127.069008
138,EDIYA,건대후문점,"서울 광진구 광나루로 416 (화양동, 건회빌딩)",광진구,광나루로,37.5464057,127.0755739
139,EDIYA,광나루점,서울 광진구 아차산로 624 (광장동),광진구,아차산로,37.5536729,127.104248
140,EDIYA,광진구청점,서울 광진구 자양로 136 (구의동),광진구,자양로,37.5397529,127.0833879
141,EDIYA,구의동점,서울 광진구 아차산로 481 (구의동),광진구,아차산로,37.5466951,127.0914159
142,EDIYA,구의사거리점,서울 광진구 광나루로 508 (구의동),광진구,광나루로,37.5447592,127.0859475
143,EDIYA,구의역점,서울 광진구 구의로 4 (구의동),광진구,구의로,37.5382416,127.0892961
144,EDIYA,구의자양로점,서울 광진구 자양로 251 (구의동),광진구,자양로,37.5489614,127.0892935
145,EDIYA,군자역점,"서울 광진구 능동로 290 (능동, 삼일빌딩)",광진구,능동로,37.5555903,127.0790595
146,EDIYA,동서울터미널점,서울 광진구 구의동 ,광진구,구의동,37.5466951,127.0914159
147,EDIYA,뚝섬유원지역점,서울 광진구 능동로 21 (자양동),광진구,능동로,37.5334659,127.0672262
148,EDIYA,세종대정문점,서울 광진구 능동로 261 (군자동),광진구,능동로,37.5517961,127.075273
149,EDIYA,세종대후문점,서울 광진구 군자로 109 (군자동),광진구,군자로,37.5528372,127.0719826
150,EDIYA,아차산역점,서울 광진구 천호대로 663 (구의동),광진구,천호대로,37.55177,127.0902383
151,EDIYA,어린이대공원역점,서울 광진구 광나루로 380 (화양동),광진구,광나루로,37.5475795,127.0718667
152,EDIYA,자양동점,서울 광진구 자양로 46 (자양동),광진구,자양로,37.5321373,127.0859522
153,EDIYA,자양우성점,"서울 광진구 자양번영로 34 (자양동, 제이원하이텔)",광진구,자양번영로,37.5326803,127.0758338
154,EDIYA,중곡대원점,서울 광진구 용마산로 111 (중곡동),광진구,용마산로,37.5635558,127.0866291
155,EDIYA,중곡신성점,"서울 광진구 용마산로 37 (중곡동, 이안빌딩)",광진구,용마산로,37.598033,127.0940962
156,EDIYA,중곡역점,서울 광진구 능동로 407 (중곡동),광진구,능동로,37.5626197,127.0853672
157,EDIYA,중곡중앙점,서울 광진구 능동로 330 (중곡동),광진구,능동로,37.5624717,127.0959862
158,EDIYA,가산SKV1점,서울 금천구 가산디지털1로 171 (가산동),금천구,가산디지털1로,37.4806318,126.8805702
159,EDIYA,가산그레이트점,서울 금천구 디지털로9길 32 (가산동),금천구,디지털로9길,37.4794491,126.8874768
160,EDIYA,가산대륭19차점,서울 금천구 가산디지털2로 70 (가산동),금천구,가산디지털2로,37.4746528,126.8822218
161,EDIYA,가산두산위브점,서울 금천구 가산로 111 (가산동),금천구,가산로,37.4755779,126.8929078
162,EDIYA,가산리더스타워점,서울 금천구 벚꽃로 286 (가산동),금천구,벚꽃로,37.4803075,126.8841943
163,EDIYA,가산벽산점,서울 금천구 벚꽃로 244 (가산동),금천구,벚꽃로,37.4767039,126.8857798
164,EDIYA,가산에이스점,서울 금천구 가산디지털1로 196 (가산동),금천구,가산디지털1로,37.4829154,126.8812688
165,EDIYA,가산오거리점,"서울 금천구 가산로 155 (가산동, 케이디에스빌딩)",금천구,가산로,37.4788157,126.8900708
166,EDIYA,가산월드점,서울 금천구 가산디지털2로 123 (가산동),금천구,가산디지털2로,37.4787503,126.8786525
167,EDIYA,가산하이엔드10차점,"서울 금천구 가산디지털1로 30 (가산동, 에이스하이엔드타워10)",금천구,가산디지털1로,37.4780439,126.8815648
168,EDIYA,금천롯데마트점,"서울 금천구 시흥대로 291 (독산동, 금천롯데캐슬골드파크3차)",금천구,시흥대로,37.4693919,126.8976871
169,EDIYA,독산동쌈지공원점,서울 금천구 독산로 276 (독산동),금천구,독산로,37.47131359999999,126.9032798
170,EDIYA,독산동점,"서울 금천구 독산로 218 (독산동, 창영빌딩)",금천구,독산로,37.4663108,126.9019986
171,EDIYA,독산롯데시네마점,서울 금천구 시흥대로 399 (독산동),금천구,시흥대로,37.4693273,126.8970414
172,EDIYA,박미삼거리점,서울 금천구 시흥대로 150 (시흥동),금천구,시흥대로,37.4475844,126.9036523
173,EDIYA,석수푸르지오점,"서울 금천구 삼성산길 11 (시흥동, 위너스타워)",금천구,삼성산길,37.4340449,126.9048803
174,EDIYA,세광교회점,서울 금천구 독산로 124 (시흥동),금천구,독산로,37.4582394,126.9056093
175,EDIYA,시흥동점,서울 금천구 시흥동,금천구,시흥동,37.4492857,126.9104662
176,EDIYA,시흥사거리점,서울 금천구 시흥대로63길 8 (시흥동),금천구,시흥대로63길,37.4549924,126.8991565
177,EDIYA,시흥유통센터점,"서울 금천구 시흥대로 88 (시흥동, 오복빌딩)",금천구,시흥대로,37.4418543,126.9039525
178,EDIYA,시흥중앙점,서울 금천구 금하로 748 (시흥동),금천구,금하로,37.4498371,126.9125411
179,EDIYA,에이스가산포휴점,"서울 금천구 가산디지털1로 225 (가산동, 에이스 가산 포휴(지식산업센터))",금천구,가산디지털1로,37.4851258,126.8787246
180,EDIYA,은행나무사거리점,서울 금천구 금하로 690 (시흥동),금천구,금하로,37.4517558,126.9066215
181,EDIYA,공릉역점,서울 노원구 동일로192길 5 (공릉동),노원구,동일로192길,37.626035,127.0733753
182,EDIYA,공릉중앙점,서울 노원구 공릉로 146 (공릉동),노원구,공릉로,37.623043,127.0795195
183,EDIYA,광운대점,서울 노원구 광운로 29 (월계동),노원구,광운로,37.6202851,127.0584102
184,EDIYA,노원KT점,서울 노원구 노해로 494 (상계동),노원구,노해로,37.6545399,127.0629813
185,EDIYA,노원사거리점,서울 노원구 동일로 1393 (상계동),노원구,동일로,37.6529076,127.0605347
186,EDIYA,노원중앙점,서울 노원구 노원로 452 (상계동),노원구,노원로,37.6568057,127.0669206
187,EDIYA,당고개역점,서울 노원구 상계로 313 (상계동),노원구,상계로,37.67078619999999,127.0803617
188,EDIYA,마들역점,서울 노원구 동일로 1541 (상계동),노원구,동일로,37.66581350000001,127.0569853
189,EDIYA,상계동점,서울 노원구 한글비석로52길 8 (상계동),노원구,한글비석로52길,37.6648446,127.0664584
190,EDIYA,상계역사거리점,서울 노원구 한글비석로 409 (상계동) 1~2층,노원구,한글비석로,37.6611031,127.0708473
191,EDIYA,상계역점,서울 노원구 덕릉로 698 (중계동),노원구,덕릉로,37.6598008,127.0756283
192,EDIYA,상계중앙점,서울 노원구 동일로 1650 (상계동),노원구,동일로,37.6754112,127.0555125
193,EDIYA,서울과학기술대점,서울 노원구 공릉로 208 (공릉동),노원구,공릉로,37.628258,127.0777683
194,EDIYA,서울여대점,서울 노원구 노원로 3 (공릉동),노원구,노원로,37.6218823,127.0865752
195,EDIYA,세이브존노원점,"서울 노원구 한글비석로 57 (하계동, 세이브존)",노원구,한글비석로,37.6378958,127.0686347
196,EDIYA,세이브존노원점,"서울 노원구 한글비석로 57 (하계동, 세이브존)",노원구,한글비석로,37.6378958,127.0686347
197,EDIYA,수락산역점,"서울 노원구 동일로 1689 (상계동, 하이베라스)",노원구,동일로,37.67918909999999,127.0549866
198,EDIYA,원자력병원점,서울 노원구 공릉로46길 6 (공릉동),노원구,공릉로46길,37.6269138,127.0796292
199,EDIYA,월계이마트점,"서울 노원구 마들로3길 15 (월계동, 월계이마트)",노원구,마들로3길,37.62644,127.0619091
200,EDIYA,월계인덕점,서울 노원구 광운로22길 39 (월계동),노원구,광운로22길,37.6285729,127.0592566
201,EDIYA,월계초교점,서울 노원구 월계동 ,노원구,월계동,37.6277451,127.0568215
202,EDIYA,은행사거리점,서울 노원구 중계로 201 (중계동),노원구,중계로,37.6504368,127.0777536
203,EDIYA,중계롯데우성점,서울 노원구 노원로22길 70 (중계동),노원구,노원로22길,37.6475922,127.0726622
204,EDIYA,중계본동점,서울 노원구 중계로14바길 2 (중계동),노원구,중계로14바길,37.6498409,127.0825681
205,EDIYA,중계브라운스톤점,"서울 노원구 동일로203가길 29 (중계동, 브라운스톤중계)",노원구,동일로203가길,37.6400147,127.0642892
206,EDIYA,중계점,서울 노원구 동일로204가길 34 (중계동),노원구,동일로204가길,37.6406859,127.0681273
207,EDIYA,중계중앙점,서울 노원구 덕릉로73길 18 (중계동),노원구,덕릉로73길,37.6521367,127.0723076
208,EDIYA,태릉입구역점,"서울 노원구 공릉로 105 (공릉동, 성종빌딩)",노원구,공릉로,37.6195756,127.077871
209,EDIYA,하계온천점,서울 노원구 노원로 257 (하계동),노원구,노원로,37.637576,127.0725939
210,EDIYA,덕성여대점,서울 도봉구 삼양로 542 (쌍문동),도봉구,삼양로,37.6515523,127.0129588
211,EDIYA,도봉구청점,"서울 도봉구 도봉로150길 43 (방학동, ESA 아파트)",도봉구,도봉로150길,37.6663859,127.0455878
212,EDIYA,도봉보건소사거리점,서울 도봉구 해등로 157 (쌍문동),도봉구,해등로,37.6567466,127.0388047
213,EDIYA,도봉산점,서울 도봉구 도봉산길 18 (도봉동),도봉구,도봉산길,37.6879391,127.0336271
214,EDIYA,도봉역점,서울 도봉구 도봉로 823 (도봉동),도봉구,도봉로,37.6778789,127.0447434
215,EDIYA,도봉중앙점,서울 도봉구 도봉로181길 18 (도봉동),도봉구,도봉로181길,37.6842049,127.0448504
216,EDIYA,방학사거리점,서울 도봉구 도봉로 677 (방학동),도봉구,도봉로,37.6625819,127.0410405
217,EDIYA,방학역점,서울 도봉구 도봉로153길 15 (방학동),도봉구,도봉로153길,37.669757,127.0425203
218,EDIYA,방학점,서울 도봉구 방학로 171 (방학동),도봉구,방학로,37.6621271,127.0332303
219,EDIYA,방학중앙점,서울 도봉구 도당로13길 22 (방학동),도봉구,도당로13길,37.6657273,127.0352862
220,EDIYA,선덕고사거리점,"서울 도봉구 해등로 255 (쌍문동, 에벤에셀아파트)",도봉구,해등로,37.6573275,127.0282084
221,EDIYA,솔밭공원역점,"서울 도봉구 삼양로 594 (쌍문동, 주함해븐빌)",도봉구,삼양로,37.6562302,127.0135377
222,EDIYA,신창점,서울 도봉구 덕릉로 235 (창동),도봉구,덕릉로,37.6388915,127.0380921
223,EDIYA,쌍문동점,서울 도봉구 노해로 162 (쌍문동),도봉구,노해로,37.6487826,127.0272818
224,EDIYA,쌍문역점,서울 도봉구 도봉로117길 4 (쌍문동),도봉구,도봉로117길,37.6494246,127.0322549
225,EDIYA,쌍문중앙점,서울 도봉구 도봉로 519 (쌍문동),도봉구,도봉로,37.6568545,127.0152936
226,EDIYA,창동대우점,서울 도봉구 덕릉로63가길 30 (창동),도봉구,덕릉로63가길,37.6434459,127.0387291
227,EDIYA,창동블루핀점,서울 도봉구 마들로 550 (창동),도봉구,마들로,37.6605123,127.049623
228,EDIYA,창동역점,서울 도봉구 마들로11길 65 (창동),도봉구,마들로11길,37.6533575,127.0496609
229,EDIYA,창동제일점,서울 도봉구 노해로70길 81 (창동),도봉구,노해로70길,37.6487061,127.0525283
230,EDIYA,창동하나로마트점,"서울 도봉구 마들로11길 20 (창동, 농협창동유통센타)",도봉구,마들로11길,37.6548907,127.051721
231,EDIYA,창동학원가점,서울 도봉구 해등로16길 61 (창동),도봉구,해등로16길,37.65509040000001,127.0433286
232,EDIYA,창동현대타운점,서울 도봉구 도봉로114길 22 (창동),도봉구,도봉로114길,37.6473276,127.0356466
233,EDIYA,남성역점,서울 동작구 사당로17가길 13 (사당동),동작구,사당로17가길,37.4837726,126.9734022
234,EDIYA,노들점,서울 동작구 노량진로 200 (노량진동),동작구,노량진로,37.5128665,126.947914
235,EDIYA,노량진CTS점,서울 동작구 노량진로 110 (노량진동),동작구,노량진로,37.5131457,126.9380262
236,EDIYA,노량진드림스퀘어점,"서울 동작구 노들로2길 7 (노량진동, 노량진 드림스퀘어 복합빌딩)",동작구,노들로2길,37.5069497,126.9362749
237,EDIYA,노량진역사점,"서울 동작구 노량진로 지하 130 (노량진동, 9호선 노량진역)",동작구,노량진로,37.5124675,126.9467172
238,EDIYA,대림성모점,서울 동작구 시흥대로 658 (신대방동),동작구,시흥대로,37.4903375,126.9080654
239,EDIYA,대방역점,"서울 동작구 노량진로 24 (대방동, 한신빌딩)",동작구,노량진로,37.5128738,126.9281981
240,EDIYA,보라매공원점,서울 동작구 여의대방로 90 (신대방동),동작구,여의대방로,37.496767,126.9166468
241,EDIYA,보라매점,"서울 동작구 보라매로5가길 16 (신대방동, 보라매아카데미타워)",동작구,보라매로5가길,37.4912431,126.9240825
242,EDIYA,사당역점,서울 동작구 동작대로7길 100 (사당동),동작구,동작대로7길,37.4771207,126.9775204
243,EDIYA,사당점,서울 동작구 동작대로 45 (사당동),동작구,동작대로,37.4807275,126.9814704
244,EDIYA,상도역점,서울 동작구 상도로 277 (상도1동),동작구,상도로,37.49921399999999,126.9514712
245,EDIYA,상도중앙점,서울 동작구 만양로 17 (상도동),동작구,만양로,37.5061645,126.9471926
246,EDIYA,숭실대점,서울 동작구 사당로 2 (상도동),동작구,사당로,37.4954274,126.9546782
247,EDIYA,신대방삼거리점,서울 동작구 상도로 78 (대방동),동작구,상도로,37.5145329,126.9322942
248,EDIYA,신상도초교점,서울 동작구 양녕로 183 (상도동),동작구,양녕로,37.497676,126.9431874
249,EDIYA,중앙대점,서울 동작구 흑석로 79 (흑석동),동작구,흑석로,37.5069892,126.9584078
250,EDIYA,중앙대후문점,서울 동작구 흑석로 20 (상도동),동작구,흑석로,37.5047935,126.9530208
251,EDIYA,총신대입구역점,서울 동작구 동작대로 119-1 (사당동),동작구,동작대로,37.487267,126.9818565
252,EDIYA,총신대점,"서울 동작구 사당로16가길 96 (사당동) 1,2층",동작구,사당로16가길,37.4850653,126.9688107
253,EDIYA,해군회관점,서울 동작구 여의대방로 194 (대방동),동작구,여의대방로,37.5080962,126.9262539
254,EDIYA,흑석역점,서울 동작구 현충로 100-1 (흑석동),동작구,현충로,37.5077217,126.9622862
255,EDIYA,공덕롯데캐슬점,"서울 마포구 마포대로 109 (공덕동, 롯데캐슬프레지던트)",마포구,마포대로,37.548582,126.9588037
256,EDIYA,공덕점,서울 마포구 마포대로8길 15 (공덕동),마포구,마포대로8길,37.5486993,126.9592219
257,EDIYA,광흥창역점,"서울 마포구 창전로 45 (창전동, 서강한화오벨리스크)",마포구,창전로,37.5466197,126.9318357
258,EDIYA,마포공덕역점,서울 마포구 새창로 6 (도화동),마포구,새창로,37.5407431,126.9537335
259,EDIYA,마포구청점,서울 마포구 월드컵로 196 (성산동),마포구,월드컵로,37.5643652,126.9062602
260,EDIYA,마포데시앙점,서울 마포구 독막로 320 (도화동),마포구,독막로,37.5397449,126.9484575
261,EDIYA,마포성산시영점,서울 마포구 월드컵북로 210 (성산동),마포구,월드컵북로,37.5613712,126.9167228
262,EDIYA,마포점,서울 마포구 도화길 10 (도화동),마포구,도화길,37.5397641,126.9473823
263,EDIYA,망리단길점,"서울 마포구 포은로 81-1 (망원동, S-빌딩)",마포구,포은로,37.5543031,126.9052551
264,EDIYA,망원역점,서울 마포구 월드컵로 82-1 (서교동),마포구,월드컵로,37.5579103,126.9106565
265,EDIYA,망원중앙점,서울 마포구 월드컵로 147 (망원동),마포구,월드컵로,37.56075999999999,126.905464
266,EDIYA,상수역점,서울 마포구 와우산로 41-1 (상수동),마포구,와우산로,37.5462303,126.9280897
267,EDIYA,상암DMC점,서울 마포구 월드컵북로 396 (상암동),마포구,월드컵북로,37.5791192,126.8902941
268,EDIYA,상암KBS점,서울 마포구 월드컵북로 375 (상암동),마포구,월드컵북로,37.5773051,126.8906358
269,EDIYA,상암우리기술점,서울 마포구 월드컵북로56길 9 (상암동),마포구,월드컵북로56길,37.5813475,126.887425
270,EDIYA,상암한샘점,서울 마포구 성암로13길 58 (상암동),마포구,성암로13길,37.5756558,126.8977097
271,EDIYA,상암홈플러스점,서울 마포구 월드컵로 240 (성산동),마포구,월드컵로,37.55922,126.9139289
272,EDIYA,서강대점,서울 마포구 백범로 34 (신수동),마포구,백범로,37.5487604,126.9393635
273,EDIYA,성산점,서울 마포구 월드컵북로 137 (성산동),마포구,월드컵북로,37.5675176,126.9100186
274,EDIYA,성산중앙점,서울 마포구 성미산로 78 (성산동),마포구,성미산로,37.5636363,126.9106513
275,EDIYA,신촌그랑자이점,"서울 마포구 대흥로 183 (대흥동, 신촌그랑자이 상가)",마포구,대흥로,37.55586479999999,126.9453854
276,EDIYA,신촌로터리점,서울 마포구 서강로 135 (노고산동),마포구,서강로,37.5538162,126.9367619
277,EDIYA,신촌숲아이파크점,"서울 마포구 광성로 17 (신수동, 신촌숲아이파크)",마포구,광성로,37.5499797,126.934979
278,EDIYA,신촌하나로마트점,"서울 마포구 신촌로 66 (노고산동, 농협중앙회)",마포구,신촌로,37.5560188,126.9331229
279,EDIYA,애오개역점,서울 마포구 마포대로 208 (아현동),마포구,마포대로,37.5524425,126.9568124
280,EDIYA,오벨리스크점,"서울 마포구 마포대로 33 (도화동, 마포 한화 오벨리스크)",마포구,마포대로,37.53976040000001,126.9451405
281,EDIYA,한강공원로점 ,서울 마포구 망원로 21 (망원동),마포구,망원로,37.5563164,126.8993901
282,EDIYA,합정LIG점,서울 마포구 양화로1길 21 (합정동),마포구,양화로1길,37.5494407,126.9103713
283,EDIYA,합정동점,서울 마포구 양화로6길 90 (합정동),마포구,양화로6길,37.5481933,126.919058
284,EDIYA,합정역사거리점,서울 마포구 독막로2길 5 (합정동),마포구,독막로2길,37.548217,126.914866
285,EDIYA,합정역점,서울 마포구 양화로11길 54 (서교동),마포구,양화로11길,37.5520737,126.91491
286,EDIYA,합정홈플러스점,"서울 마포구 양화로 45 (서교동, 메세나폴리스)",마포구,양화로,37.5499443,126.9137027
287,EDIYA,홍대중앙점,서울 마포구 양화로 124 (서교동),마포구,양화로,37.5542126,126.9207762
288,EDIYA,홍대청기와점,서울 마포구 월드컵북로 7 (서교동),마포구,월드컵북로,37.5555692,126.9206333
289,EDIYA,가재울점,"서울 서대문구 수색로 100 (북가좌동, DMC래미안e편한세상)",서대문구,수색로,37.57283839999999,126.9123903
290,EDIYA,가재울중앙점,"서울 서대문구 가재울미래로 2 (남가좌동, DMC파크뷰자이)",서대문구,가재울미래로,37.58470519999999,126.9229346
291,EDIYA,동교동점,서울 서대문구 신촌로 5 (창천동),서대문구,신촌로,37.558379,126.9396708
292,EDIYA,명지대점,서울 서대문구 거북골로 35 (남가좌동),서대문구,거북골로,37.5793331,126.9239019
293,EDIYA,명지전문대점,서울 서대문구 가좌로 140 (홍은동),서대문구,가좌로,37.5845413,126.9241326
294,EDIYA,무악재역점,서울 서대문구 홍제동 ,서대문구,홍제동,37.58551120000001,126.9489831
295,EDIYA,북가좌동점,서울 서대문구 증가로 257 (북가좌동),서대문구,증가로,37.5760008,126.9030186
296,EDIYA,서대문구청점,서울 서대문구 연희로 237 (연희동),서대문구,연희로,37.578217,126.9356558
297,EDIYA,서대문점,서울 서대문구 냉천동,서대문구,냉천동,37.5668216,126.962263
298,EDIYA,신촌기차역점,서울 서대문구 신촌역로 35 (창천동),서대문구,신촌역로,37.5589365,126.9414455
299,EDIYA,신촌역점,서울 서대문구 신촌로 87-20 (창천동),서대문구,신촌로,37.5603666,126.9340513
300,EDIYA,연남동점,서울 서대문구 연희로 42 (연희동),서대문구,연희로,37.5623305,126.9278489
301,EDIYA,연대서문점,서울 서대문구 연희로10길 86 (연희동),서대문구,연희로10길,37.5636727,126.933677
302,EDIYA,연세대점,서울 서대문구 연세로12길 10 (창천동),서대문구,연세로12길,37.5588209,126.9375073
303,EDIYA,연희삼거리점,서울 서대문구 연희로 117 (연희동),서대문구,연희로,37.5682728,126.9318184
304,EDIYA,이화여대점,"서울 서대문구 이화여대길 26 (대현동, 이화빌딩)",서대문구,이화여대길,37.5582145,126.9451398
305,EDIYA,충정로3가점,"서울 서대문구 경기대로 26-26 (충정로3가, 더스타일하우스디센트럴)",서대문구,경기대로,37.5622371,126.9615554
306,EDIYA,홍은사거리점,"서울 서대문구 통일로 510 (홍은동, 북한산 더샵)",서대문구,통일로,37.5927053,126.9416772
307,EDIYA,홍제역점,서울 서대문구 홍제동,서대문구,홍제동,37.58551120000001,126.9489831
308,EDIYA,강남센트럴시티점,"서울 서초구 신반포로 176 (반포동, 센트럴시티)",서초구,신반포로,37.5041299,127.0030692
309,EDIYA,교대역점,"서울 서초구 서초대로56길 22 (서초동, 성운빌딩)",서초구,서초대로56길,37.4977102,126.9978029
310,EDIYA,교육개발원사거리점,"서울 서초구 바우뫼로 180 (양재동, 신송빌딩)",서초구,바우뫼로,37.4782389,127.0398035
311,EDIYA,국립중앙도서관디지털관점,"서울 서초구 반포대로 201 (반포동, 국립중앙도서관)",서초구,반포대로,37.497689,127.0028333
312,EDIYA,국립중앙도서관본관점,"서울 서초구 반포대로 201 (반포동, 국립중앙도서관)",서초구,반포대로,37.497689,127.0028333
313,EDIYA,남부터미널점,서울 서초구 서초동 ,서초구,서초동,37.4876872,127.0174271
314,EDIYA,내방역점,"서울 서초구 서초대로 108 (방배동, 삼보빌딩)",서초구,서초대로,37.4875268,126.9941918
315,EDIYA,반포지하상가점,"서울 서초구 신반포로 지하 200 (잠원동, 강남터미널지하쇼핑몰)",서초구,신반포로,37.5041437,126.9970518
316,EDIYA,방배백석점,서울 서초구 방배로 42 (방배동),서초구,방배로,37.478696,126.9997564
317,EDIYA,방배역점,서울 서초구 방배로 87 (방배동),서초구,방배로,37.482139,126.9968963
318,EDIYA,방배중앙점,"서울 서초구 동광로 1 (방배동, 대양빌딩)",서초구,동광로,37.4910362,126.9830198
319,EDIYA,서울고교점,서울 서초구 서초동 ,서초구,서초동,37.4876872,127.0174271
320,EDIYA,서울고속버스터미널점,"서울 서초구 신반포로 194 (반포동, 강남고속버스터미널)",서초구,신반포로,37.506123,127.003846
321,EDIYA,서울교대점,서울 서초구 서초동 ,서초구,서초동,37.4876872,127.0174271
322,EDIYA,서초법조타운점,"서울 서초구 서초중앙로24길 7 (서초동, 동천빌딩)",서초구,서초중앙로24길,37.4947529,127.0144754
323,EDIYA,서초역점,서울 서초구 서초동 ,서초구,서초동,37.4876872,127.0174271
324,EDIYA,서초우면중앙점,"서울 서초구 양재대로2길 100-11 (우면동, 서초 리슈빌S)",서초구,양재대로2길,37.4644963,127.0417509
325,EDIYA,서초점,서울 서초구 서초대로48길 16 (서초동),서초구,서초대로48길,37.4920152,127.0113078
326,EDIYA,신논현역점 ,서울 서초구 강남대로79길 10 (반포동),서초구,강남대로79길,37.5052523,127.0231968
327,EDIYA,양재언남점,"서울 서초구 동산로 60 (양재동, 화성빌딩)",서초구,동산로,37.46854769999999,127.0278008
328,EDIYA,양재점,서울 서초구 남부순환로347길 38 (서초동),서초구,남부순환로347길,37.4859875,127.0314737
329,EDIYA,양재중앙점,"서울 서초구 강남대로 221 (양재동, 양재역 환승주차장)",서초구,강남대로,37.4785467,127.0413269
330,EDIYA,양재하나로마트점,"서울 서초구 청계산로 10 (양재동, 농협하나로클럽)",서초구,청계산로,37.4629931,127.043105
331,EDIYA,예술의전당점,"서울 서초구 반포대로 32 (서초동, 원일빌딩)",서초구,반포대로,37.4833789,127.0121074
332,EDIYA,우면동점,"서울 서초구 바우뫼로 20 (우면동, 고호빌딩)",서초구,바우뫼로,37.4699641,127.025301
333,EDIYA,잠원논현점,서울 서초구 신반포로 333 (잠원동),서초구,신반포로,37.5108882,127.0201282
334,EDIYA,청계산입구역점,서울 서초구 신원동,서초구,신원동,37.4446745,127.0614206
335,EDIYA,포이점,서울 서초구 마방로10길 42 (양재동),서초구,마방로10길,37.475593,127.0445372
336,EDIYA,함지박사거리점,서울 서초구 방배로 234 우신빌딩,서초구,방배로,37.4780738,127.0007198
337,EDIYA,고대개운점,서울 성북구 개운사길 30 (안암동5가),성북구,개운사길,37.5876534,127.0294038
338,EDIYA,고대점,서울 성북구 고려대로24길 35 (안암동5가),성북구,고려대로24길,37.5861037,127.0322704
339,EDIYA,국민대점,서울 성북구 정릉로9라길 8 (정릉동),성북구,정릉로9라길,37.6111263,127.0003764
340,EDIYA,길음뉴타운점,"서울 성북구 길음로 74 (길음동, 길음 에스에이치빌)",성북구,길음로,37.6097759,127.0206116
341,EDIYA,돈암동점,서울 성북구 동소문로 119 (동선동4가),성북구,동소문로,37.5943435,127.0185038
342,EDIYA,돈암아리랑점,"서울 성북구 아리랑로 75 (돈암동, 돈암코오롱하늘채)",성북구,아리랑로,37.5991068,127.0137948
343,EDIYA,돌곶이역점,서울 성북구 돌곶이로22길 3 (석관동),성북구,돌곶이로22길,37.6101594,127.058086
344,EDIYA,동덕여대점,서울 성북구 화랑로 99 (하월곡동),성북구,화랑로,37.6038358,127.0353171
345,EDIYA,동소문동점,서울 성북구 동소문로13길 5 (동소문동4가),성북구,동소문로13길,37.5920114,127.0128569
346,EDIYA,보문역점,서울 성북구 보문로 111 (보문동2가),성북구,보문로,37.5848579,127.0191073
347,EDIYA,석계중앙점,서울 성북구 화랑로40길 61 (석관동),성북구,화랑로40길,37.6073036,127.062906
348,EDIYA,석관동점,"서울 성북구 돌곶이로8길 22 (석관동, 래미안아트리치)",성북구,돌곶이로8길,37.606103,127.0634229
349,EDIYA,성신여대역점,서울 성북구 동소문로17길 40 (동소문동6가),성북구,동소문로17길,37.5932369,127.0142641
350,EDIYA,성신여대점,서울 성북구 보문로34길 100 (동선동2가),성북구,보문로34길,37.5911844,127.020776
351,EDIYA,안암래미안점,서울 성북구 보문로30가길 42 (안암동1가),성북구,보문로30가길,37.5889656,127.02202
352,EDIYA,월곡1동점,서울 성북구 오패산로 99 (하월곡동),성북구,오패산로,37.6107208,127.0351251
353,EDIYA,월곡동아점,서울 성북구 장월로1길 47 (상월곡동),성북구,장월로1길,37.606215,127.0456787
354,EDIYA,월곡중앙점,"서울 성북구 종암로 167 (하월곡동, 동일하이빌뉴시티)",성북구,종암로,37.602119,127.0332133
355,EDIYA,장위2동점,서울 성북구 화랑로25길 14 (장위동),성북구,화랑로25길,37.6092663,127.0524388
356,EDIYA,장위뉴타운점,서울 성북구 장월로 144-1 (장위동),성북구,장월로,37.6176579,127.0510126
357,EDIYA,장위동점,서울 성북구 월계로40길 7 (장위동),성북구,월계로40길,37.6228267,127.048397
358,EDIYA,장위북서울꿈의숲점,서울 성북구 돌곶이로41가길 2 (장위동),성북구,돌곶이로41가길,37.6185575,127.0455923
359,EDIYA,장위중앙점,서울 성북구 장위로 35 (장위동),성북구,장위로,37.6144277,127.0407678
360,EDIYA,정릉뉴타운점,"서울 성북구 정릉로 307 (정릉동, 라온유 아파트)",성북구,정릉로,37.6032405,127.0182023
361,EDIYA,정릉아리랑점,"서울 성북구 북악산로 851 (정릉동, 정릉2차 e-편한세상)",성북구,북악산로,37.599785,127.0193858
362,EDIYA,정릉점,서울 성북구 보국문로 77 (정릉동),성북구,보국문로,37.6111065,127.0086007
363,EDIYA,정릉중앙점,서울 성북구 정릉로 251 (정릉동),성북구,정릉로,37.6046666,127.0119116
364,EDIYA,종암동점,서울 성북구 종암로 105 (종암동),성북구,종암로,37.5994896,127.0339384
365,EDIYA,하월곡동점,서울 성북구 오패산로 16 (하월곡동),성북구,오패산로,37.6035972,127.0375512
366,EDIYA,한성대역점,서울 성북구 동소문로 19 (동소문동1가),성북구,동소문로,37.5889646,127.0063694
367,EDIYA,한성대점,서울 성북구 삼선교로 10 (삼선동1가),성북구,삼선교로,37.5877048,127.0068833
368,EDIYA,가든파이브점,"서울 송파구 충민로 10 (문정동, 가든파이브툴)",송파구,충민로,37.4783511,127.1187747
369,EDIYA,가든파이브테크노관점,"서울 송파구 충민로 66 (문정동, 가든파이브라이프)",송파구,충민로,37.4775778,127.1249983
370,EDIYA,가락몰점,"서울 송파구 양재대로 932 (가락동, 가락몰 판매동)",송파구,양재대로,37.493116,127.1164539
371,EDIYA,가락중앙점,서울 송파구 송이로 87 (가락동),송파구,송이로,37.4982843,127.1207781
372,EDIYA,개롱역점,"서울 송파구 오금로 407 (오금동, 상아아파트)",송파구,오금로,37.497728,127.135835
373,EDIYA,거여점,서울 송파구 오금로 497 (거여동),송파구,오금로,37.48205129999999,127.1429218
374,EDIYA,마천사거리점,"서울 송파구 마천로 264 (거여동, 흥일빌딩)",송파구,마천로,37.4980378,127.1461353
375,EDIYA,문정KDU타워점,"서울 송파구 정의로 70 (문정동, 케이디유타워)",송파구,정의로,37.4830797,127.12489
376,EDIYA,문정문현점,서울 송파구 새말로8길 30 (문정동),송파구,새말로8길,37.4800957,127.1266355
377,EDIYA,문정중앙점,서울 송파구 문정로 31-1 (문정동),송파구,문정로,37.4864701,127.1263126
378,EDIYA,문정테라타워점,"서울 송파구 송파대로 167 (문정동, 문정역테라타워)",송파구,송파대로,37.484765,127.1211569
379,EDIYA,방이미성점,"서울 송파구 오금로 251 (방이동, 잠실3차한양아파트)",송파구,오금로,37.5060802,127.1222351
380,EDIYA,방이시장점,서울 송파구 백제고분로48길 3 (방이동),송파구,백제고분로48길,37.51180069999999,127.1137457
381,EDIYA,방이역점,서울 송파구 위례성대로18길 32 (방이동),송파구,위례성대로18길,37.5095235,127.1247104
382,EDIYA,방이초교점,서울 송파구 가락로 280 (방이동),송파구,가락로,37.5127115,127.1199902
383,EDIYA,삼전역점,서울 송파구 백제고분로 263 (삼전동),송파구,백제고분로,37.5027433,127.0957873
384,EDIYA,서울삼성내과점,"서울 송파구 백제고분로 126 (잠실동, 오룡빌딩)",송파구,백제고분로,37.5061551,127.0807668
385,EDIYA,석촌백제점,"서울 송파구 백제고분로39길 15 (석촌동, 삼경빌딩)",송파구,백제고분로39길,37.5058869,127.1043148
386,EDIYA,석촌사거리점,"서울 송파구 송파대로 409 (석촌동, 범양빌딩)",송파구,송파대로,37.5034635,127.1082718
387,EDIYA,석촌역점,"서울 송파구 송파대로 456 (송파동, 웅현빌딩)",송파구,송파대로,37.5071619,127.1058265
388,EDIYA,송파동점,"서울 송파구 백제고분로41길 5 (송파동, 태원빌딩)",송파구,백제고분로41길,37.5080488,127.107095
389,EDIYA,송파문정점,서울 송파구 송이로 159 (가락동),송파구,송이로,37.4929217,127.1253339
390,EDIYA,송파올림픽훼미리타운점,"서울 송파구 중대로 24 (문정동, 올림픽훼밀리타운 아카데미 상가)",송파구,중대로,37.4896023,127.1187913
391,EDIYA,송파위례점,"서울 송파구 위례광장로 188 (장지동, 아이온스퀘어)",송파구,위례광장로,37.4811605,127.1423292
392,EDIYA,송파잠실점,서울 송파구 삼전로 95 (잠실동),송파구,삼전로,37.5069289,127.0898316
393,EDIYA,송파파인타운점,"서울 송파구 충민로2길 28 (장지동, 대진플라자2)",송파구,충민로2길,37.4772984,127.1275686
394,EDIYA,송파풍납점,서울 송파구 강동대로9길 17-1 (풍납동),송파구,강동대로9길,37.5280621,127.11653
395,EDIYA,송파하비오점,"서울 송파구 송파대로 111 (문정동, 파크하비오)",송파구,송파대로,37.4857615,127.1317586
396,EDIYA,송파한양점,"서울 송파구 가락로 165 (송파동, 위례캐슬빌)",송파구,가락로,37.5031659,127.1178357
397,EDIYA,오금점,"서울 송파구 오금로 306 (가락동, 가락스타클래스)",송파구,오금로,37.5028786,127.1261236
398,EDIYA,오금중앙점 ,"서울 송파구 위례성대로22길 18 (오금동, 이시돌빌딩)",송파구,위례성대로22길,37.5087113,127.1304008
399,EDIYA,올림픽공원점,서울 송파구 올림픽로 354 (방이동),송파구,올림픽로,37.5164031,127.1215351
400,EDIYA,올림픽프라자점,서울 송파구 양재대로 1222 (방이동),송파구,양재대로,37.5157197,127.1322328
401,EDIYA,위례아이파크점,"서울 송파구 위례광장로 136 (장지동, 위례아이파크)",송파구,위례광장로,37.4773867,127.1285282
402,EDIYA,위례포레샤인점,"서울 송파구 위례순환로 477 (장지동, 위례포레샤인23단지)",송파구,위례순환로,37.4762808,127.1356549
403,EDIYA,잠실나루역점,"서울 송파구 올림픽로35길 104 (신천동, 장미아파트)",송파구,올림픽로35길,37.5200705,127.0995
404,EDIYA,잠실본동점,"서울 송파구 백제고분로 172 (잠실동, 제이케이빌딩)",송파구,백제고분로,37.5060163,127.0825999
405,EDIYA,잠실역점,"서울 송파구 송파대로 567 (잠실동, 잠실주공아파트)",송파구,송파대로,37.51519400000001,127.0948475
406,EDIYA,종합운동장역점,"서울 송파구 올림픽로 76 (잠실동, J타워)",송파구,올림픽로,37.5115209,127.0791737
407,EDIYA,CBS본사점,서울 양천구 목동서로 159-1 (목동),양천구,목동서로,37.52821350000001,126.8749471
408,EDIYA,강서초교점,서울 양천구 오목로 48 (신월동),양천구,오목로,37.5220241,126.8429393
409,EDIYA,남부지방법원점,"서울 양천구 은행정로4길 25 (신정동, SM엘루이아파트)",양천구,은행정로4길,37.5214266,126.8625894
410,EDIYA,목3동점,"서울 양천구 목동중앙북로 38 (목동, 롯데캐슬위너아파트)",양천구,목동중앙북로,37.5468869,126.8672611
411,EDIYA,목4동점,서울 양천구 목동중앙본로7길 46 (목동),양천구,목동중앙본로7길,37.5394371,126.86612
412,EDIYA,목동남부점,서울 양천구 목동남로 46 (신정동),양천구,목동남로,37.5087155,126.8647187
413,EDIYA,목동등촌로점,서울 양천구 등촌로 180 (목동),양천구,등촌로,37.5456026,126.8627246
414,EDIYA,목동로데오점,서울 양천구 목동로 219 (신정동),양천구,목동로,37.5279211,126.8637907
415,EDIYA,목동센트럴아이파크위브점,서울 양천구 남부순환로 603 (신월동),양천구,남부순환로,37.5151785,126.8406797
416,EDIYA,목동신목점,"서울 양천구 목동중앙로 85 (목동, 강산아파트)",양천구,목동중앙로,37.5369691,126.8714743
417,EDIYA,목동신트리점,"서울 양천구 신정로 312 (신정동, 뉴프라자)",양천구,신정로,37.5132891,126.8554552
418,EDIYA,목동아델리체점,"서울 양천구 중앙로43길 14 (신정동, 래미안 목동아델리체)",양천구,중앙로43길,37.5181273,126.8519807
419,EDIYA,목동역점,서울 양천구 오목로 227 (신정동),양천구,오목로,37.526041,126.8627071
420,EDIYA,목동중앙점,"서울 양천구 목동서로 287 (신정동, 동문비젼오피스텔)",양천구,목동서로,37.5215106,126.8690925
421,EDIYA,목동파라곤점,서울 양천구 목동서로 155 (목동),양천구,목동서로,37.5293136,126.8751264
422,EDIYA,목동파리공원점,서울 양천구 목동동로 379 (목동),양천구,목동동로,37.5355702,126.8787085
423,EDIYA,신월5동점,서울 양천구 화곡로 50 (신월동),양천구,화곡로,37.5391278,126.8274379
424,EDIYA,신월7동점,서울 양천구 지양로 79 (신월동),양천구,지양로,37.5223947,126.8329818
425,EDIYA,신월사거리점,서울 양천구 남부순환로 353 (신월동),양천구,남부순환로,37.5356284,126.8289172
426,EDIYA,신정교점,서울 양천구 신목로 36 (신정동),양천구,신목로,37.5188009,126.8737695
427,EDIYA,신정네거리역점,서울 양천구 중앙로 282 (신정동),양천구,중앙로,37.5215126,126.8525663
428,EDIYA,신정서부점,서울 양천구 신정로11길 50-15 (신정동),양천구,신정로11길,37.5121775,126.8383361
429,EDIYA,신정역점,서울 양천구 오목로 155 (신정동),양천구,오목로,37.5249251,126.854642
430,EDIYA,양천구청점,서울 양천구 목동동로 63 (신정동),양천구,목동동로,37.5152752,126.8623016
431,EDIYA,오목교대학학원점,서울 양천구 오목로 319 (목동),양천구,오목로,37.5250374,126.8730535
432,EDIYA,오목교역점,서울 양천구 신목로 102 (목동),양천구,신목로,37.5235593,126.8757535
433,EDIYA,KBS별관점,"서울 영등포구 국제금융로8길 27-9 (여의도동, 동북빌딩)",영등포구,국제금융로8길,37.5196169,126.9289537
434,EDIYA,국회대로점,"서울 영등포구 국회대로72길 4 (여의도동, 아이비피아빌딩)",영등포구,국회대로72길,37.5302939,126.9199036
435,EDIYA,국회의사당역점,"서울 영등포구 의사당대로 22 (여의도동, 이룸센터)",영등포구,의사당대로,37.5268293,126.91783
436,EDIYA,남부고용센터점,서울 영등포구 양산로 71 (양평동3가),영등포구,양산로,37.5249901,126.8910908
437,EDIYA,당산버드나루점,서울 영등포구 버드나루로 87 (영등포동7가),영등포구,버드나루로,37.5247311,126.9072916
438,EDIYA,당산역점,"서울 영등포구 당산로 222 (당산동5가, 당산디오빌)",영등포구,당산로,37.533212,126.9022778
439,EDIYA,당산중앙점,서울 영등포구 당산로 159 (당산동4가),영등포구,당산로,37.5287389,126.8995556
440,EDIYA,대림1동점,서울 영등포구 도림로 198 (대림동),영등포구,도림로,37.4963889,126.9028182
441,EDIYA,대림3동점,서울 영등포구 대림로 212 (대림동),영등포구,대림로,37.4995567,126.8981452
442,EDIYA,대림역점,서울 영등포구 도림로31길 2 (대림동),영등포구,도림로31길,37.4924907,126.8959161
443,EDIYA,도림사거리점,서울 영등포구 도림로 326 (신길동),영등포구,도림로,37.5065486,126.9018065
444,EDIYA,도림점,"서울 영등포구 도신로15길 40 (도림동, 도림빌딩)",영등포구,도신로15길,37.5076045,126.8972947
445,EDIYA,라이프점,"서울 영등포구 63로 40 (여의도동, 라이프오피스텔)",영등포구,63로,37.5196187,126.93912
446,EDIYA,문래역점,서울 영등포구 문래로 89 (문래동3가),영등포구,문래로,37.5196161,126.8919362
447,EDIYA,보라매역점,서울 영등포구 여의대방로 141 (신길동),영등포구,여의대방로,37.5074088,126.9168029
448,EDIYA,서여의도점,"서울 영등포구 국회대로72길 17 (여의도동, KCC파크타운)",영등포구,국회대로72길,37.529455,126.9211706
449,EDIYA,선유도역점,서울 영등포구 양평로 126 (양평동5가),영등포구,양평로,37.5411416,126.8944092
450,EDIYA,신길성애병원점,서울 영등포구 여의대방로53길 27 (신길동),영등포구,여의대방로53길,37.5118321,126.9215338
451,EDIYA,신길썬프라자점,서울 영등포구 신길로 42 (신길동),영등포구,신길로,37.496429,126.9086066
452,EDIYA,신길아이파크점,서울 영등포구 도림로 280 (신길동),영등포구,도림로,37.5029,126.9042022
453,EDIYA,신길역점,서울 영등포구 영등포로 353 (신길동),영등포구,영등포로,37.5150289,126.918074
454,EDIYA,신길중앙점,서울 영등포구 도신로 229 (신길동),영등포구,도신로,37.5121582,126.9165036
455,EDIYA,신풍역점,서울 영등포구 신풍로 52-1 (신길동),영등포구,신풍로,37.49990469999999,126.9117746
456,EDIYA,양평동2가점,"서울 영등포구 선유서로25길 19 (양평동2가, 오목교투웨니퍼스트)",영등포구,선유서로25길,37.5243251,126.8837313
457,EDIYA,여의나루역점,서울 영등포구 여의나루로 113 (여의도동),영등포구,여의나루로,37.52601629999999,126.9307571
458,EDIYA,여의도농협재단점,"서울 영등포구 국제금융로8길 2 (여의도동, 농협재단빌딩)",영등포구,국제금융로8길,37.5219838,126.930031
459,EDIYA,여의도역점,"서울 영등포구 의사당대로 108 (여의도동, 아일렉스)",영등포구,의사당대로,37.5210236,126.9240116
460,EDIYA,영등포knk점,"서울 영등포구 영신로 220 (영등포동8가, KnK디지털타워)",영등포구,영신로,37.526554,126.904299
461,EDIYA,영등포구청점,서울 영등포구 당산로 110 (당산동3가),영등포구,당산로,37.5268845,126.8983667
462,EDIYA,영등포그랜드점,"서울 영등포구 양산로9길 15 (양평동3가, 그랜드타워)",영등포구,양산로9길,37.5263235,126.888719
463,EDIYA,영등포본동점,서울 영등포구 영신로19길 15 (영등포동),영등포구,영신로19길,37.5138185,126.9060085
464,EDIYA,영등포시장점,서울 영등포구 영등포로35길 19 (영등포동6가),영등포구,영등포로35길,37.5226206,126.9045428
465,EDIYA,영등포아크로타워점,"서울 영등포구 국회대로54길 10 (영등포동7가, 아크로타워 스퀘어)",영등포구,국회대로54길,37.523105,126.9072522
466,EDIYA,영등포에이스점,서울 영등포구 경인로 775 (문래동3가),영등포구,경인로,37.5176033,126.895289
467,EDIYA,영등포점,서울 영등포구 영중로 16-1 (영등포동3가),영등포구,영중로,37.5187427,126.9070871
468,EDIYA,영등포중앙점,서울 영등포구 영중로 37 (영등포동4가),영등포구,영중로,37.5193148,126.9046511
469,EDIYA,영등포코레일점,"서울 영등포구 경인로 846 (영등포동, 영등포 민자역사)",영등포구,경인로,37.5154709,126.9066823
470,EDIYA,영등포홈플러스점,"서울 영등포구 당산로 42 (문래동3가, 홈플러스)",영등포구,당산로,37.5189549,126.8986982
471,EDIYA,한강성심병원점,서울 영등포구 버드나루로 51 (영등포동2가),영등포구,버드나루로,37.5212309,126.911986
472,EDIYA,한국수출입은행점,"서울 영등포구 은행로 38 (여의도동, 한국수출입은행빌딩)",영등포구,은행로,37.528594,126.9234204
473,EDIYA,힐스테이트클래시안점,"서울 영등포구 신길로28길 9 (신길동, 힐스테이트 클래시안)",영등포구,신길로28길,37.5036812,126.9125914
474,EDIYA,갈현점,서울 은평구 갈현로 268 (갈현동),은평구,갈현로,37.6219431,126.9127496
475,EDIYA,구산역점,서울 은평구 연서로 148 (대조동),은평구,연서로,37.6119567,126.9176102
476,EDIYA,구파발역점,"서울 은평구 진관2로 29-21 (진관동, 드림스퀘어)",은평구,진관2로,37.6356924,126.9193269
477,EDIYA,녹번동점,"서울 은평구 진흥로 156 (녹번동, 신명빌딩)",은평구,진흥로,37.6086912,126.9269617
478,EDIYA,녹번중앙점,"서울 은평구 통일로 635 (녹번동, 녹번동메카오피스텔)",은평구,통일로,37.603474,126.9346394
479,EDIYA,백련산아이파크점,"서울 은평구 응암로 264 (응암동, 서울빌딩)",은평구,응암로,37.5952388,126.9188557
480,EDIYA,본서부병원점,"서울 은평구 응암로 337 (응암동, 빛터룩스 빌딩)",은평구,응암로,37.6012692,126.9221517
481,EDIYA,불광역점,서울 은평구 통일로 731 (대조동),은평구,통일로,37.6104759,126.9292194
482,EDIYA,불광연서로점,서울 은평구 연서로 275 (불광동),은평구,연서로,37.6116009,126.9304684
483,EDIYA,불광중앙점,서울 은평구 불광로 59 (불광동),은평구,불광로,37.6122908,126.9317226
484,EDIYA,새절역점,서울 은평구 가좌로 272 (신사동),은평구,가좌로,37.5953803,126.9075953
485,EDIYA,수색역점,서울 은평구 수색로 250 (수색동),은평구,수색로,37.5818859,126.8963113
486,EDIYA,역촌동점,서울 은평구 갈현로 82 (역촌동),은평구,갈현로,37.6013705,126.9134783
487,EDIYA,역촌사거리점,서울 은평구 서오릉로 100 (대조동),은평구,서오릉로,37.60888310000001,126.9209257
488,EDIYA,역촌역점,서울 은평구 진흥로 95 (역촌동),은평구,진흥로,37.6054024,126.9221096
489,EDIYA,역촌진흥로점,서울 은평구 진흥로1길 3 (역촌동),은평구,진흥로1길,37.6033089,126.9185098
490,EDIYA,연신내역점,서울 은평구 통일로 855-9 (갈현동),은평구,통일로,37.6270657,126.9156137
491,EDIYA,연신내중앙점,서울 은평구 통일로 825 (대조동),은평구,통일로,37.6170165,126.9226896
492,EDIYA,연신내통일로점,서울 은평구 통일로 876 (불광동),은평구,통일로,37.6211624,126.9202577
493,EDIYA,은평구청점,서울 은평구 은평로 197 (녹번동),은평구,은평로,37.6016007,126.9296014
494,EDIYA,은평이마트점,"서울 은평구 은평로 111 (응암동, 은평이마트)",은평구,은평로,37.6003946,126.9202149
495,EDIYA,응암역점,"서울 은평구 연서로 9 (역촌동, 센타폴리스)",은평구,연서로,37.5998561,126.9154719
496,EDIYA,응암오거리점,서울 은평구 응암로 211 (응암동),은평구,응암로,37.5908628,126.9171141
497,EDIYA,응암중앙점,서울 은평구 응암로 183 (응암동),은평구,응암로,37.5883944,126.9165713
498,EDIYA,증산동점,서울 은평구 증산서길 78 (증산동),은평구,증산서길,37.5833382,126.9065476
499,EDIYA,경복궁역점,서울 종로구 자하문로 7 (체부동),종로구,자하문로,37.5790658,126.9697902
500,EDIYA,광화문점,서울 종로구 세종대로23길 15 (도렴동),종로구,세종대로23길,37.571457,126.9756366
501,EDIYA,광화문트윈트리타워점,"서울 종로구 율곡로 6 (중학동, 트윈 트리 빌딩)",종로구,율곡로,37.5754163,126.9801322
502,EDIYA,낙원동점,서울 종로구 낙원동 ,종로구,낙원동,37.57284569999999,126.9884126
503,EDIYA,대학로점,서울 종로구 대학로10길 17 (동숭동),종로구,대학로10길,37.5820564,127.0031655
504,EDIYA,독립문역점,서울 종로구 통일로 266 (무악동),종로구,통일로,37.5771577,126.9586244
505,EDIYA,동대문역점,"서울 종로구 율곡로 286 (종로6가, 야드인빌딩)",종로구,율곡로,37.5718325,127.0081491
506,EDIYA,동묘역점,서울 종로구 종로 354 (숭인동),종로구,종로,37.5776264,127.0223891
507,EDIYA,방통대점,서울 종로구 대학로 81-1 (연건동),종로구,대학로,37.5783148,127.0017255
508,EDIYA,배화여대점,서울 종로구 필운대로1길 35 (필운동),종로구,필운대로1길,37.5778275,126.9679917
509,EDIYA,북촌마을점,서울 종로구 북촌로5길 39 (화동),종로구,북촌로5길,37.57953759999999,126.9836008
510,EDIYA,삼일빌딩점,서울 종로구 삼일대로15길 13 (관철동),종로구,삼일대로15길,37.5687786,126.986596
511,EDIYA,상명대점,서울 종로구 홍지동,종로구,홍지동,37.601247,126.9562041
512,EDIYA,성균관대점,서울 종로구 성균관로 8 (명륜2가),종로구,성균관로,37.5845216,126.9994393
513,EDIYA,숭인점,서울 종로구 숭인동길 6 (숭인동),종로구,숭인동길,37.5752518,127.0215847
514,EDIYA,신설점,서울 종로구 난계로29길 30 (숭인동),종로구,난계로29길,37.5741948,127.0214683
515,EDIYA,종각점,서울 종로구 삼일대로19길 24 (관철동),종로구,삼일대로19길,37.5694966,126.9866708
516,EDIYA,종로3가점,서울 종로구 종로 126 (종로3가),종로구,종로,37.5700276,126.9917137
517,EDIYA,종로4가점,서울 종로구 김상옥로 1 (인의동),종로구,김상옥로,37.5734546,126.9978915
518,EDIYA,종로5가점,서울 종로구 대학로 33 (효제동),종로구,대학로,37.5738196,127.0027668
519,EDIYA,종로교차로점,서울 종로구 동호로 406-1 (종로5가),종로구,동호로,37.5705613,127.002241
520,EDIYA,종로구청점,서울 종로구 수송동,종로구,수송동,37.5739802,126.9804234
521,EDIYA,종로르메이에르점,서울 종로구 종로1가 르메이에르종로타운,종로구,종로1가,37.5709593,126.9798759
522,EDIYA,종로삼일대로점,서울 종로구 삼일대로 390-1 (관철동),종로구,삼일대로,37.5690625,126.9872746
523,EDIYA,종로타워점,"서울 종로구 종로 51 (종로2가, 종로타워)",종로구,종로,37.57079,126.98356
524,EDIYA,창덕궁점,서울 종로구 돈화문로 41-1 (묘동),종로구,돈화문로,37.5741088,126.991447
525,EDIYA,창신동점,서울 종로구 종로 316-1 (창신동),종로구,종로,37.5745846,127.008896
526,EDIYA,창신중앙점 ,서울 종로구 지봉로 64 (숭인동),종로구,지봉로,37.5756904,127.0158154
527,EDIYA,탑골공원점,서울 종로구 낙원동 ,종로구,낙원동,37.57284569999999,126.9884126
528,EDIYA,혜화동로터리점,서울 종로구 혜화로 3-1 (혜화동),종로구,혜화로,37.5860305,127.0005638
529,EDIYA,혜화역점,서울 종로구 창경궁로 258-15 (명륜2가),종로구,창경궁로,37.5846573,127.0002379
530,EDIYA,IBK본점,"서울 중구 을지로 79 (을지로2가, 기업은행)",중구,을지로,37.56566979999999,126.9894519
531,EDIYA,YTN점,서울 중구 세종대로1길 11 (봉래동1가),중구,세종대로1길,37.5597113,126.9746181
532,EDIYA,광희동점,서울 중구 마른내로 165-1 (광희동1가),중구,마른내로,37.564787,127.006136
533,EDIYA,다동점,서울 중구 다동길 46 (다동),중구,다동길,37.56782159999999,126.9817119
534,EDIYA,동국대후문점,"서울 중구 창경궁로 2 (충무로5가, 남경빌딩)",중구,창경궁로,37.5624822,126.9986871
535,EDIYA,동대문점,서울 중구 을지로43길 38 (을지로6가),중구,을지로43길,37.5676676,127.0077516
536,EDIYA,동평화점,서울 중구 청계천로 318 (신당동),중구,청계천로,37.5694218,127.0132185
537,EDIYA,만리동고개점,"서울 중구 만리재로 175 (만리동2가, 서울역센트럴자이),402동 102호",중구,만리재로,37.554538,126.9636814
538,EDIYA,명동역점,서울 중구 퇴계로 103 (충무로1가),중구,퇴계로,37.5609432,126.9825464
539,EDIYA,명동중앙점,"서울 중구 명동7길 21 (을지로2가, 명동아르누보센텀)",중구,명동7길,37.5646918,126.9838429
540,EDIYA,서소문점,서울 중구 서소문로11길 8 (서소문동),중구,서소문로11길,37.5632228,126.973086
541,EDIYA,서울시청점,"서울 중구 세종대로20길 23 (무교동, 원창빌딩)",중구,세종대로20길,37.56702689999999,126.9788962
542,EDIYA,신당점,서울 중구 다산로35길 11 (신당동),중구,다산로35길,37.56351799999999,127.0148075
543,EDIYA,신당중앙점,서울 중구 퇴계로 455 (황학동),중구,퇴계로,37.56744380000001,127.0198915
544,EDIYA,약수역점,서울 중구 동호로 186-13 (신당동),중구,동호로,37.5545654,127.0114859
545,EDIYA,오장동점,서울 중구 마른내로 109-1 (오장동),중구,마른내로,37.5645748,127.0001136
546,EDIYA,을지로3가점,서울 중구 수표로 45 (저동2가),중구,수표로,37.5634861,126.9902353
547,EDIYA,정동점,서울 중구 정동길 2-1 (정동),중구,정동길,37.5679414,126.9693423
548,EDIYA,중림점,서울 중구 청파로 464 (중림동),중구,청파로,37.5607773,126.9682129
549,EDIYA,청구역점,서울 중구 다산로 181-2 (신당동),중구,다산로,37.5597511,127.0132283
550,EDIYA,충무로3가점,서울 중구 퇴계로27길 31 (충무로3가),중구,퇴계로27길,37.56252509999999,126.9912341
551,EDIYA,충무로점,서울 중구 퇴계로 188 (필동1가),중구,퇴계로,37.5609015,126.9924937
552,EDIYA,충무아트홀점,서울 중구 퇴계로 381-1 (신당동),중구,퇴계로,37.5652402,127.0139856
553,EDIYA,충무필동점,서울 중구 퇴계로 218-5 (필동2가),중구,퇴계로,37.561541,126.9936459
554,EDIYA,태평로점,서울 중구 세종대로11길 26 (서소문동),중구,세종대로11길,37.5621115,126.9740103
555,EDIYA,퇴계로2길점,서울 중구 퇴계로2길 1 (남창동),중구,퇴계로2길,37.5575233,126.9773972
556,EDIYA,한국은행점,서울 중구 남대문로 29-2 (남대문로3가),중구,남대문로,37.5619687,126.9803334
557,EDIYA,황학롯데캐슬점,"서울 중구 청계천로 400 (황학동, 롯데캐슬베네치아)",중구,청계천로,37.571596,127.022479
558,EDIYA,회현SK리더스점,"서울 중구 퇴계로 72 (회현동1가, 리더스뷰남산)",중구,퇴계로,37.5592302,126.9806639
559,EDIYA,강동고덕교차로점,"서울 강동구 고덕로 421 (강일동, 대한연세요양원)",강동구,고덕로,37.55737130000001,127.1725399
560,EDIYA,강동구청점,"서울 강동구 성내로6길 20 (성내동, 청일 베르네)",강동구,성내로6길,37.5288753,127.1222899
561,EDIYA,강동성내점,서울 강동구 풍성로 162 (성내동),강동구,풍성로,37.5304839,127.1298465
562,EDIYA,강동신명초교점,"서울 강동구 명일로 260 (길동, 길동신동아아파트)",강동구,명일로,37.540617,127.149247
563,EDIYA,강동역점,"서울 강동구 천호대로 1065 (천호동, 강동상떼빌)",강동구,천호대로,37.5369841,127.1304589
564,EDIYA,강일점,"서울 강동구 아리수로93길 19 (강일동, 임페리얼타워)",강동구,아리수로93길,37.5665592,127.1737804
565,EDIYA,고덕그라시움후문점,서울 강동구 동남로82길 121 (고덕동),강동구,동남로82길,37.5603577,127.1636874
566,EDIYA,고덕래미안힐스점,"서울 강동구 아리수로50길 50 (고덕동, 래미안힐스테이트고덕)",강동구,아리수로50길,37.5602282,127.1493354
567,EDIYA,고덕점,"서울 강동구 동남로75길 19 (명일동, 명일빌딩)",강동구,동남로75길,37.5540951,127.1551471
568,EDIYA,길동사거리점,서울 강동구 천호대로 1132 (성내동),강동구,천호대로,37.5302922,127.1287651
569,EDIYA,길동역점,서울 강동구 양재대로 1471 (길동),강동구,양재대로,37.5372792,127.1393753
570,EDIYA,길동중앙점,서울 강동구 명일로 200 (길동),강동구,명일로,37.5365076,127.1459209
571,EDIYA,둔촌점,서울 강동구 양재대로 1377 (성내동),강동구,양재대로,37.5302922,127.1287651
572,EDIYA,명일역점,"서울 강동구 구천면로 424 (명일동, 명일메가타운)",강동구,구천면로,37.5503207,127.145546
573,EDIYA,명일중앙점,"서울 강동구 상암로 210 (명일동, 명일현대종합상가)",강동구,상암로,37.5484567,127.1487867
574,EDIYA,보훈병원점,"서울 강동구 명일로 110 (둔촌동, 둔촌동암펠로스타워)",강동구,명일로,37.5287091,127.1431767
575,EDIYA,상일리엔파크점,"서울 강동구 상일로 74 (상일동, 고덕리엔파크3단지아파트)",강동구,상일로,37.5525612,127.1752562
576,EDIYA,암사3동점,"서울 강동구 고덕로 140 (암사동, 프라이어팰리스)",강동구,고덕로,37.5534915,127.1390945
577,EDIYA,암사역점,"서울 강동구 올림픽로 782 (암사동, 501타워)",강동구,올림픽로,37.5508357,127.1281014
578,EDIYA,암사중앙점,"서울 강동구 암사길 50 (암사동, 제이빌더스)",강동구,암사길,37.5516267,127.1348226
579,EDIYA,올림픽북문점,서울 강동구 성안로 7 (성내동),강동구,성안로,37.5244902,127.1288855
580,EDIYA,천호로데오점,서울 강동구 천호대로 1027 (천호동),강동구,천호대로,37.5381679,127.1262834
581,EDIYA,천호역점,서울 강동구 천호대로 1006 (성내동),강동구,천호대로,37.5302922,127.1287651
582,EDIYA,천호중앙점,"서울 강동구 올림픽로 660 (천호동, 천호엘크루주상복합)",강동구,올림픽로,37.540115,127.1245713
583,EDIYA,천호초교사거리점,"서울 강동구 구천면로 304 (천호동, 일주빌딩)",강동구,구천면로,37.5467345,127.1347881
584,EDIYA,천호현대점,서울 강동구 올림픽로 665 (천호동),강동구,올림픽로,37.5408846,127.1238516
585,EDIYA,개봉북부점,서울 구로구 경인로40길 12 (개봉동),구로구,경인로40길,37.495564,126.8590429
586,EDIYA,개봉역점,서울 구로구 남부순환로97길 11 (개봉동),구로구,남부순환로97길,37.4941792,126.8583787
587,EDIYA,개봉중앙점,서울 구로구 개봉로3길 26 (개봉동),구로구,개봉로3길,37.48641,126.8548809
588,EDIYA,개봉현대점,서울 구로구 개봉로 69 (개봉동),구로구,개봉로,37.4918637,126.8555982
589,EDIYA,고대구로병원점,서울 구로구 구로동로 157 (구로동),구로구,구로동로,37.492533,126.8833543
590,EDIYA,고척사거리점,"서울 구로구 고척로 228-6 (고척동, 종만빌딩)",구로구,고척로,37.5057472,126.8582376
591,EDIYA,고척스카이돔점,"서울 구로구 경인로 397 (고척동, 골든타워빌딩)",구로구,경인로,37.49777660000001,126.8637523
592,EDIYA,구로NC점,서울 구로구 구로동로 240 (구로동),구로구,구로동로,37.4999675,126.8826973
593,EDIYA,구로거리공원점,서울 구로구 구로중앙로28길 73 (구로동),구로구,구로중앙로28길,37.5007554,126.8893254
594,EDIYA,구로고척점,"서울 구로구 고척로 149 (고척동, 상암빌딩)",구로구,고척로,37.50308649999999,126.850169
595,EDIYA,구로구청점,"서울 구로구 가마산로25길 9 (구로동, 네오팰리스)",구로구,가마산로25길,37.49658830000001,126.8903054
596,EDIYA,구로궁동점,서울 구로구 오리로 1304 (궁동) 1층,구로구,오리로,37.4977401,126.829378
597,EDIYA,구로미성점,"서울 구로구 구로중앙로 228 (신도림동, 기임빌딩)",구로구,구로중앙로,37.5061286,126.8765952
598,EDIYA,구로에이스점,서울 구로구 디지털로33길 11 (구로동),구로구,디지털로33길,37.4856641,126.8955021
599,EDIYA,구로역광장점,"서울 구로구 경인로 572 (구로동, 스타팰리스)",구로구,경인로,37.4979668,126.8843669
600,EDIYA,구로이마트점,서울 구로구 디지털로32길 43 (구로동),구로구,디지털로32길,37.4843537,126.89788
601,EDIYA,구로중앙점,서울 구로구 도림로 79 (구로동),구로구,도림로,37.4900511,126.8920236
602,EDIYA,구로코레일점,"서울 구로구 구로중앙로 174 (구로동, 구로역)",구로구,구로중앙로,37.5023699,126.8814842
603,EDIYA,구로항동지구점,"서울 구로구 항동로3길 6 (항동, 가온 프라자)",구로구,항동로3길,37.486525,126.8252088
604,EDIYA,구일역점,"서울 구로구 구일로 110 (구로동, 해원리버파크)",구로구,구일로,37.4950273,126.872004
605,EDIYA,남구로역점,서울 구로구 디지털로27길 127 (가리봉동),구로구,디지털로27길,37.4846716,126.8870975
606,EDIYA,동양미래대학점,서울 구로구 경인로47길 14 (고척동),구로구,경인로47길,37.500202,126.8670179
607,EDIYA,메르디앙고척점,"서울 구로구 중앙로8길 11 (고척동, 고척 월드메르디앙)",구로구,중앙로8길,37.5028461,126.8632325
608,EDIYA,성공회대점,서울 구로구 연동로 312 (항동),구로구,연동로,37.4872294,126.8242853
609,EDIYA,신도림메르디앙점,"서울 구로구 신도림로 65 (신도림동, 신도림월드메르디앙오피스텔)",구로구,신도림로,37.5095401,126.8820361
610,EDIYA,신도림테크노마트점,서울 구로구 새말로 97 (구로동),구로구,새말로,37.5070431,126.8902185
611,EDIYA,오류남부점,서울 구로구 오류로8길 65 (오류동),구로구,오류로8길,37.4926091,126.8437777
612,EDIYA,오류북부역점,서울 구로구 경인로20길 6 (오류동),구로구,경인로20길,37.4966004,126.838513
613,EDIYA,천왕이펜하우스점,서울 구로구 천왕로 36 (천왕동),구로구,천왕로,37.4816349,126.8418958
614,EDIYA,경희대점,서울 동대문구 경희대로 4 (회기동),동대문구,경희대로,37.591867,127.0525122
615,EDIYA,경희대캠퍼스점,"서울 동대문구 경희대로 26 (회기동, 경희대학교,경희초,중,고,여자중고등학교)",동대문구,경희대로,37.5948937,127.0491562
616,EDIYA,답십리사거리점,서울 동대문구 답십리로 145 (답십리동),동대문구,답십리로,37.5706766,127.0531067
617,EDIYA,답십리역점,서울 동대문구 천호대로 265 (답십리동),동대문구,천호대로,37.56902609999999,127.0573024
618,EDIYA,답십리파크자이점,"서울 동대문구 한천로 55 (답십리동, 영진빌딩)",동대문구,한천로,37.5667907,127.0618324
619,EDIYA,동대문구청점,서울 동대문구 천호대로 153-1 (용두동),동대문구,천호대로,37.5795817,127.0299297
620,EDIYA,동부병원사거리점,서울 동대문구 무학로 104 (용두동),동대문구,무학로,37.5735046,127.0309651
621,EDIYA,배봉초교사거리점,서울 동대문구 답십리로63길 131 (장안동),동대문구,답십리로63길,37.5784698,127.069321
622,EDIYA,서울시립대점,"서울 동대문구 서울시립대로 164 (전농동, 도석프라자)",동대문구,서울시립대로,37.583249,127.0548191
623,EDIYA,신설동역점,서울 동대문구 천호대로 11-3 (신설동),동대문구,천호대로,37.5780881,127.027344
624,EDIYA,외대점,서울 동대문구 휘경로 12 (이문동),동대문구,휘경로,37.59582040000001,127.0612654
625,EDIYA,용두동사거리점,서울 동대문구 왕산로 68 (용두동),동대문구,왕산로,37.5757009,127.034989
626,EDIYA,용두동점,서울 동대문구 고산자로 413-1 (용두동),동대문구,고산자로,37.5766232,127.0379189
627,EDIYA,이문점 ,서울 동대문구 신이문로 19 (이문동),동대문구,신이문로,37.6031045,127.064235
628,EDIYA,장안동사거리점,서울 동대문구 답십리로 309 (장안동),동대문구,답십리로,37.572295,127.0748317
629,EDIYA,장안동점,서울 동대문구 장한로 43 (장안동),동대문구,장한로,37.5650632,127.0666931
630,EDIYA,장안중랑천점,서울 동대문구 장한로18길 32 (장안동),동대문구,장한로18길,37.5674947,127.0707583
631,EDIYA,장안중앙점,서울 동대문구 사가정로25길 42 (장안동),동대문구,사가정로25길,37.5806425,127.0709617
632,EDIYA,장한평군자초교점,서울 동대문구 한천로2길 53 (장안동),동대문구,한천로2길,37.5627974,127.0613958
633,EDIYA,전농뉴타운점,서울 동대문구 답십리로 77 (전농동),동대문구,답십리로,37.5750329,127.0496055
634,EDIYA,전농사거리점,서울 동대문구 사가정로 132 (전농동),동대문구,사가정로,37.5775568,127.0595101
635,EDIYA,청량리점,서울 동대문구 왕산로 225 (청량리동),동대문구,왕산로,37.5832353,127.0447165
636,EDIYA,촬영소사거리점,서울 동대문구 답십리로 264 (장안동),동대문구,답십리로,37.5722268,127.0694723
637,EDIYA,회기역점,"서울 동대문구 망우로 67 (휘경동, 효자 워너빌)",동대문구,망우로,37.5899254,127.0606026
638,EDIYA,회기역중앙점,서울 동대문구 회기로 194-1 (휘경동),동대문구,회기로,37.5897957,127.0574889
639,EDIYA,논골사거리점,서울 성동구 난계로 35 (금호동1가),성동구,난계로,37.5554834,127.0244633
640,EDIYA,답십리로데오점,서울 성동구 용답19길 17-1 (용답동),성동구,용답19길,37.5637339,127.052529
641,EDIYA,뚝섬역점,서울 성동구 상원길 38-1 (성수동1가),성동구,상원길,37.5473256,127.048794
642,EDIYA,마장동점,서울 성동구 고산자로 339-2 (마장동),성동구,고산자로,37.5699814,127.0373421
643,EDIYA,마장역점,서울 성동구 마장로 293-1 (마장동),성동구,마장로,37.5659109,127.0421543
644,EDIYA,상왕십리역점,서울 성동구 무학봉15길 27 (하왕십리동),성동구,무학봉15길,37.5636352,127.0301592
645,EDIYA,서울숲역점,서울 성동구 왕십리로 96-1 (성수동1가),성동구,왕십리로,37.5391701,127.0474244
646,EDIYA,성동구청점,서울 성동구 고산자로 269 (도선동),성동구,고산자로,37.5632818,127.0328803
647,EDIYA,성수아카데미점,서울 성동구 성수이로 118 (성수동2가),성동구,성수이로,37.5451437,127.0578284
648,EDIYA,성수우리W타워점,서울 성동구 아차산로15길 19 (성수동2가),성동구,아차산로15길,37.5447256,127.0621362
649,EDIYA,성수중앙점,"서울 성동구 성수일로6길 47 (성수동2가, 현성빌딩)",성동구,성수일로6길,37.5442438,127.0552721
650,EDIYA,신금호역점,서울 성동구 금호산길 64 (금호동2가),성동구,금호산길,37.5538555,127.0196077
651,EDIYA,옥수동점,서울 성동구 매봉길 12 (옥수동),성동구,매봉길,37.5452467,127.0156749
652,EDIYA,옥수역점,서울 성동구 한림말5길 9 (옥수동),성동구,한림말5길,37.5419719,127.0167024
653,EDIYA,왕십리비트플렉스점,서울 성동구 왕십리광장로 17 (행당동),성동구,왕십리광장로,37.5621482,127.0379421
654,EDIYA,왕십리센트라스점,서울 성동구 무학로 22 (홍익동),성동구,무학로,37.5660457,127.0302943
655,EDIYA,왕십리역점,서울 성동구 왕십리로 309 (행당동),성동구,왕십리로,37.5594078,127.0330515
656,EDIYA,응봉동점,"서울 성동구 독서당로 381 (응봉동, 현대종합상가)",성동구,독서당로,37.5509821,127.0309093
657,EDIYA,장한평역점,서울 성동구 천호대로 426 (용답동),성동구,천호대로,37.560746,127.0662025
658,EDIYA,텐즈힐점,"서울 성동구 무학로 33 (하왕십리동, 텐즈힐)",성동구,무학로,37.5664459,127.030702
659,EDIYA,한양대점,서울 성동구 사근동길 4 (행당동),성동구,사근동길,37.5598989,127.0415624
660,EDIYA,행당동점,서울 성동구 고산자로 201 (행당동),성동구,고산자로,37.5580159,127.0337407
661,EDIYA,IBK고객센터점,"서울 용산구 한남대로 72 (한남동, IBK기업은행고객센터)",용산구,한남대로,37.5350224,127.0070392
662,EDIYA,동부이촌동점,서울 용산구 이촌로77길 19 (이촌동),용산구,이촌로77길,37.52040119999999,126.974878
663,EDIYA,동자동점,서울 용산구 후암로 93 (동자동),용산구,후암로,37.5533136,126.975103
664,EDIYA,삼각지점,서울 용산구 한강대로 138 (한강로2가),용산구,한강대로,37.5304542,126.9695065
665,EDIYA,숙대입구역점,서울 용산구 한강대로 289 (갈월동),용산구,한강대로,37.5440208,126.9719508
666,EDIYA,순천향병원점,서울 용산구 대사관로 72 ,용산구,대사관로,37.5330587,127.0059327
667,EDIYA,용문점,서울 용산구 원효로41길 73 (원효로2가),용산구,원효로41길,37.5363006,126.9624595
668,EDIYA,용산원효점,"서울 용산구 원효로 70 (원효로4가, 신정빌딩)",용산구,원효로,37.5342316,126.9526308
669,EDIYA,용산중앙점,서울 용산구 한강대로 52-1 (한강로3가),용산구,한강대로,37.5255891,126.9648264
670,EDIYA,용산청파점,"서울 용산구 청파로71길 10 (청파동1가, 새마을금고)",용산구,청파로71길,37.5500127,126.9676031
671,EDIYA,용산효창점,서울 용산구 효창원로66길 2 (효창동),용산구,효창원로66길,37.5410418,126.9634863
672,EDIYA,용산후암점,"서울 용산구 후암로 40-2 (후암동, 성원빌딩)",용산구,후암로,37.5494813,126.9776645
673,EDIYA,원효로점,서울 용산구 원효로 257 (원효로1가),용산구,원효로,37.5399325,126.9674607
674,EDIYA,이태원역점,서울 용산구 이태원로 176 (이태원동),용산구,이태원로,37.5344441,126.990696
675,EDIYA,금란망우점,서울 중랑구 망우로 460 (망우동),중랑구,망우로,37.6000681,127.1031213
676,EDIYA,동원사거리점,"서울 중랑구 겸재로 240 (면목동, 행복오피스텔)",중랑구,겸재로,37.5895476,127.0939218
677,EDIYA,망우동점,서울 중랑구 망우로 416 (망우동),중랑구,망우로,37.5991279,127.0983355
678,EDIYA,망우중앙점,"서울 중랑구 용마산로115길 109 (망우동, 한일써너스빌리젠시2단지)",중랑구,용마산로115길,37.5976442,127.0943462
679,EDIYA,먹골역점,서울 중랑구 동일로157길 13 (묵동),중랑구,동일로157길,37.6097015,127.0768818
680,EDIYA,면목경남아너스빌점,서울 중랑구 면목로27길 92 (면목동),중랑구,면목로27길,37.5742279,127.0805033
681,EDIYA,면목본동점,서울 중랑구 면목로 370 (면목동),중랑구,면목로,37.5849094,127.0885874
682,EDIYA,묵동자이점,"서울 중랑구 동일로 932 (묵동, 묵동자이아파트)",중랑구,동일로,37.613816,127.077513
683,EDIYA,봉화산역점,서울 중랑구 신내로 211 (신내동),중랑구,신내로,37.6163947,127.0926039
684,EDIYA,사가정아이파크점,"서울 중랑구 동일로92길 57 (면목동, 메디포레)",중랑구,동일로92길,37.5834599,127.0831625
685,EDIYA,사가정역점,서울 중랑구 면목로 325 (면목동),중랑구,면목로,37.5810983,127.0881584
686,EDIYA,상봉엠코점,"서울 중랑구 망우로 353 (상봉동, 상봉 프레미어스 엠코)",중랑구,망우로,37.598081,127.0905951
687,EDIYA,상봉역점,서울 중랑구 망우로 277 (상봉동),중랑구,망우로,37.5960169,127.0834048
688,EDIYA,상봉중앙점,서울 중랑구 망우로 316 (상봉동),중랑구,망우로,37.5964462,127.0875204
689,EDIYA,서울상봉1동점,서울 중랑구 상봉중앙로 36 (상봉동),중랑구,상봉중앙로,37.6002506,127.0877831
690,EDIYA,서울의료원점,"서울 중랑구 신내로 156 (신내동, 서울의료원)",중랑구,신내로,37.612781,127.0981787
691,EDIYA,서울중랑경찰서점,서울 중랑구 신내역로3길 40-11 (신내동),중랑구,신내역로3길,37.6126681,127.1032127
692,EDIYA,서울중화초등학교점,"서울 중랑구 신내로7가길 7 (신내동, 제이리옴)",중랑구,신내로7가길,37.602308,127.0954454
693,EDIYA,서일중앙점,"서울 중랑구 용마산로 394 (면목동, 해동검도)",중랑구,용마산로,37.5866117,127.0955358
694,EDIYA,신내동점,서울 중랑구 봉화산로 215 (신내동),중랑구,봉화산로,37.6076181,127.0965284
695,EDIYA,양원남부점,서울 중랑구 양원역로 25-10 (망우동),중랑구,양원역로,37.6030497,127.107406
696,EDIYA,양원역점,서울 중랑구 양원역로14가길 24 (망우동),중랑구,양원역로14가길,37.6016933,127.1083226
697,EDIYA,용마산역점,서울 중랑구 면목로 254-1 (면목동),중랑구,면목로,37.5753971,127.0856773
698,EDIYA,우림시장점,서울 중랑구 봉우재로 240 (망우동),중랑구,봉우재로,37.595272,127.0993536
699,EDIYA,중랑교차로점,서울 중랑구 동일로 683 (면목동),중랑구,동일로,37.5913966,127.0798414
700,EDIYA,중랑역점,서울 중랑구 망우로 198 (상봉동),중랑구,망우로,37.593212,127.0748661
701,EDIYA,중화동점,서울 중랑구 동일로129길 1 (중화동),중랑구,동일로129길,37.5992928,127.0783484
702,EDIYA,중화역점,"서울 중랑구 동일로 815, 1층",중랑구,동일로,37.6030917,127.0788763
703,EDIYA,화랑대역점,"서울 중랑구 신내로25가길 2 (묵동, 현동학당)",중랑구,신내로25가길,37.6194506,127.0841605
